{
  "chart_id": "scatter_058",
  "title": "Urbanization rate (%) vs Population density",
  "dpi": 200,
  "fig_size": [
    7,
    5
  ],
  "font_size": 12,
  "palette": [
    "#9467bd",
    "#e377c2",
    "#17becf",
    "#66c2a5",
    "#a6cee3",
    "#2ca02c",
    "#d62728",
    "#e78ac3",
    "#1f77b4",
    "#8c564b",
    "#bcbd22",
    "#fc8d62",
    "#8da0cb",
    "#7f7f7f",
    "#ff7f0e"
  ],
  "marker": "^",
  "sample_size": 12,
  "point_size_range": [
    30,
    60
  ],
  "x_ticks": [
    40.0,
    47.5,
    55.0,
    62.5,
    70.0
  ],
  "y_ticks": [
    1060.0,
    1295.0,
    1530.0,
    1765.0,
    2000.0
  ],
  "x_ticks_encrypted": [
    40.0,
    43.75,
    47.5,
    51.25,
    55.0,
    58.75,
    62.5,
    66.25,
    70.0
  ],
  "y_ticks_encrypted": [
    1060.0,
    1177.5,
    1295.0,
    1412.5,
    1530.0,
    1647.5,
    1765.0,
    1882.5,
    2000.0
  ],
  "series_color": {
    "ESP": [
      "#a6cee3"
    ],
    "RUS": [
      "#fc8d62"
    ],
    "ARG": [
      "#9467bd"
    ],
    "CAN": [
      "#ff7f0e"
    ],
    "POL": [
      "#d62728"
    ],
    "ZAF": [
      "#e78ac3"
    ],
    "TUR": [
      "#1f77b4"
    ],
    "UKR": [
      "#8c564b"
    ],
    "SAU": [
      "#8da0cb"
    ],
    "USA": [
      "#e377c2"
    ],
    "IRN": [
      "#2ca02c"
    ],
    "AUS": [
      "#66c2a5"
    ]
  },
  "label_perturbations": {
    "ESP": [
      {
        "original": [
          797,
          694
        ],
        "dx": 0.16407699194541964,
        "dy": -0.0004015610865387431
      }
    ],
    "RUS": [
      {
        "original": [
          797,
          694
        ],
        "dx": 0.07216907024514713,
        "dy": 0.00840046338813677
      }
    ],
    "ARG": [
      {
        "original": [
          797,
          694
        ],
        "dx": 0.1784870193089899,
        "dy": -0.0039045328074431007
      }
    ],
    "CAN": [
      {
        "original": [
          797,
          694
        ],
        "dx": -0.005670741288591019,
        "dy": -0.09316074554884511
      }
    ],
    "POL": [
      {
        "original": [
          797,
          694
        ],
        "dx": 0.04322557404983099,
        "dy": 0.08698774682651056
      }
    ],
    "ZAF": [
      {
        "original": [
          797,
          694
        ],
        "dx": -0.12388378675985115,
        "dy": -0.05597563232533384
      }
    ],
    "TUR": [
      {
        "original": [
          797,
          694
        ],
        "dx": -0.12428358621843559,
        "dy": -0.11360697285304339
      }
    ],
    "UKR": [
      {
        "original": [
          797,
          694
        ],
        "dx": -0.17390117076814074,
        "dy": -0.13973205784802417
      }
    ],
    "SAU": [
      {
        "original": [
          797,
          694
        ],
        "dx": 0.1402925306203875,
        "dy": 0.15976665470915563
      }
    ],
    "USA": [
      {
        "original": [
          797,
          694
        ],
        "dx": 0.02892777901194582,
        "dy": -0.17941338268123552
      }
    ],
    "IRN": [
      {
        "original": [
          797,
          694
        ],
        "dx": -0.042019293866780105,
        "dy": -0.19925145201773944
      }
    ],
    "AUS": [
      {
        "original": [
          797,
          694
        ],
        "dx": 0.11560688060814062,
        "dy": -0.07875942350076302
      }
    ]
  }
}