{
  "chart_id": "scatter_061",
  "title": "CO2 emissions per capita (tons) vs Renewable energy share (%)",
  "dpi": 100,
  "fig_size": [
    7,
    5
  ],
  "font_size": 10,
  "palette": [
    "#f0c2c2",
    "#6a3d9a",
    "#c2c2f0",
    "#b15928",
    "#cab2d6",
    "#c2f0c2",
    "#fb9a99",
    "#fdbf6f",
    "#33a02c",
    "#b2df8a",
    "#8dd3c7",
    "#ff7f00",
    "#ffb3e6",
    "#ffff99",
    "#e31a1c"
  ],
  "marker": "o",
  "sample_size": 12,
  "point_size_range": [
    30,
    60
  ],
  "x_ticks": [
    4.0,
    6.5,
    9.0,
    11.5,
    14.0
  ],
  "y_ticks": [
    32.0,
    41.0,
    50.0,
    59.0,
    68.0
  ],
  "x_ticks_encrypted": [
    4.0,
    5.25,
    6.5,
    7.75,
    9.0,
    10.25,
    11.5,
    12.75,
    14.0
  ],
  "y_ticks_encrypted": [
    32.0,
    36.5,
    41.0,
    45.5,
    50.0,
    54.5,
    59.0,
    63.5,
    68.0
  ],
  "series_color": {
    "SAU": [
      "#fb9a99"
    ],
    "ZAF": [
      "#6a3d9a"
    ],
    "CHN": [
      "#b2df8a"
    ],
    "PAK": [
      "#8dd3c7"
    ],
    "EGY": [
      "#c2f0c2"
    ],
    "THA": [
      "#b15928"
    ],
    "ARG": [
      "#ff7f00"
    ],
    "MEX": [
      "#fdbf6f"
    ],
    "KOR": [
      "#33a02c"
    ],
    "VNM": [
      "#f0c2c2"
    ],
    "IDN": [
      "#e31a1c"
    ],
    "TUR": [
      "#ffff99"
    ]
  },
  "label_perturbations": {
    "SAU": [
      {
        "original": [
          317,
          251
        ],
        "dx": -0.16862657776739187,
        "dy": -0.10657866115927012
      }
    ],
    "ZAF": [
      {
        "original": [
          317,
          251
        ],
        "dx": -0.08918553991717437,
        "dy": 0.07231577545819984
      }
    ],
    "CHN": [
      {
        "original": [
          317,
          251
        ],
        "dx": -0.04226604934373976,
        "dy": -0.12685125862790275
      }
    ],
    "PAK": [
      {
        "original": [
          317,
          251
        ],
        "dx": 0.006417142805092618,
        "dy": -0.07966364403098401
      }
    ],
    "EGY": [
      {
        "original": [
          317,
          251
        ],
        "dx": -0.035740787978861516,
        "dy": 0.17724453034461723
      }
    ],
    "THA": [
      {
        "original": [
          317,
          251
        ],
        "dx": -0.11648228730906013,
        "dy": -0.17617437342362785
      }
    ],
    "ARG": [
      {
        "original": [
          317,
          251
        ],
        "dx": -0.12097130920690358,
        "dy": 0.14629542089740888
      }
    ],
    "MEX": [
      {
        "original": [
          317,
          251
        ],
        "dx": -0.15421386706084236,
        "dy": 0.04598523172869631
      }
    ],
    "KOR": [
      {
        "original": [
          317,
          251
        ],
        "dx": -0.1616072459415091,
        "dy": 0.19743828978060884
      }
    ],
    "VNM": [
      {
        "original": [
          317,
          251
        ],
        "dx": 0.1456773192439464,
        "dy": -0.004636313363077266
      }
    ],
    "IDN": [
      {
        "original": [
          317,
          251
        ],
        "dx": 0.02611941474268109,
        "dy": -0.07634477971293895
      }
    ],
    "TUR": [
      {
        "original": [
          317,
          251
        ],
        "dx": -0.11143429454256704,
        "dy": -0.07847808013245797
      }
    ]
  }
}