{
  "chart_id": "scatter_047",
  "title": "Hospital beds per 1000 vs Life expectancy (years)",
  "dpi": 100,
  "fig_size": [
    7,
    5
  ],
  "font_size": 8,
  "palette": [
    "#9467bd",
    "#e377c2",
    "#17becf",
    "#66c2a5",
    "#a6cee3",
    "#2ca02c",
    "#d62728",
    "#e78ac3",
    "#1f77b4",
    "#8c564b",
    "#bcbd22",
    "#fc8d62",
    "#8da0cb",
    "#7f7f7f",
    "#ff7f0e"
  ],
  "marker": "s",
  "sample_size": 14,
  "point_size_range": [
    30,
    60
  ],
  "x_ticks": [
    5.0,
    6.0,
    7.0,
    8.0,
    9.0
  ],
  "y_ticks": [
    60.0,
    64.0,
    68.0,
    72.0,
    76.0
  ],
  "x_ticks_encrypted": [
    5.0,
    5.5,
    6.0,
    6.5,
    7.0,
    7.5,
    8.0,
    8.5,
    9.0
  ],
  "y_ticks_encrypted": [
    60.0,
    62.0,
    64.0,
    66.0,
    68.0,
    70.0,
    72.0,
    74.0,
    76.0
  ],
  "series_color": {
    "ZAF": [
      "#fc8d62"
    ],
    "IRN": [
      "#17becf"
    ],
    "JPN": [
      "#8da0cb"
    ],
    "THA": [
      "#66c2a5"
    ],
    "USA": [
      "#7f7f7f"
    ],
    "SAU": [
      "#1f77b4"
    ],
    "ITA": [
      "#2ca02c"
    ],
    "AUS": [
      "#a6cee3"
    ],
    "CHN": [
      "#bcbd22"
    ],
    "MEX": [
      "#d62728"
    ],
    "TUR": [
      "#8c564b"
    ],
    "DEU": [
      "#9467bd"
    ],
    "BRA": [
      "#ff7f0e"
    ],
    "UKR": [
      "#e78ac3"
    ]
  },
  "label_perturbations": {
    "ZAF": [
      {
        "original": [
          332,
          222
        ],
        "dx": -0.12610361653669938,
        "dy": -0.009895998595797317
      }
    ],
    "IRN": [
      {
        "original": [
          332,
          222
        ],
        "dx": 0.012220812216812454,
        "dy": -0.08802968501806228
      }
    ],
    "JPN": [
      {
        "original": [
          332,
          222
        ],
        "dx": 0.08422432493333865,
        "dy": -0.1695377351931191
      }
    ],
    "THA": [
      {
        "original": [
          332,
          222
        ],
        "dx": -0.004198407374574525,
        "dy": 0.1335143750602124
      }
    ],
    "USA": [
      {
        "original": [
          332,
          222
        ],
        "dx": -0.16139960357533978,
        "dy": -0.053125489433859224
      }
    ],
    "SAU": [
      {
        "original": [
          332,
          222
        ],
        "dx": -0.1840013596893909,
        "dy": 0.19809005291945825
      }
    ],
    "ITA": [
      {
        "original": [
          332,
          222
        ],
        "dx": 0.07218862063517256,
        "dy": -0.1595826134529814
      }
    ],
    "AUS": [
      {
        "original": [
          332,
          222
        ],
        "dx": 0.07570734819114511,
        "dy": 0.16716694992752484
      }
    ],
    "CHN": [
      {
        "original": [
          332,
          222
        ],
        "dx": 0.16754021960080973,
        "dy": -0.17798318764096002
      }
    ],
    "MEX": [
      {
        "original": [
          332,
          222
        ],
        "dx": 0.03769004995787967,
        "dy": 0.18427035290318966
      }
    ],
    "TUR": [
      {
        "original": [
          332,
          222
        ],
        "dx": -0.07545576057477002,
        "dy": -0.152576440151344
      }
    ],
    "DEU": [
      {
        "original": [
          332,
          222
        ],
        "dx": -0.0002614141314827845,
        "dy": 0.07905905643612049
      }
    ],
    "BRA": [
      {
        "original": [
          332,
          222
        ],
        "dx": -0.10535135580582043,
        "dy": -0.18916136690002083
      }
    ],
    "UKR": [
      {
        "original": [
          332,
          222
        ],
        "dx": -0.19160982184182515,
        "dy": -0.18384535364706722
      }
    ]
  }
}