{
  "chart_id": "scatter_096",
  "title": "R&D spending (% of GDP) vs Patent applications",
  "dpi": 200,
  "fig_size": [
    5,
    4
  ],
  "font_size": 8,
  "palette": [
    "#f0c2c2",
    "#6a3d9a",
    "#c2c2f0",
    "#b15928",
    "#cab2d6",
    "#c2f0c2",
    "#fb9a99",
    "#fdbf6f",
    "#33a02c",
    "#b2df8a",
    "#8dd3c7",
    "#ff7f00",
    "#ffb3e6",
    "#ffff99",
    "#e31a1c"
  ],
  "marker": "*",
  "sample_size": 11,
  "point_size_range": [
    30,
    60
  ],
  "x_ticks": [
    1.0,
    1.75,
    2.5,
    3.25,
    4.0
  ],
  "y_ticks": [
    9400.0,
    11400.0,
    13400.0,
    15400.0,
    17400.0
  ],
  "x_ticks_encrypted": [
    1.0,
    1.38,
    1.75,
    2.12,
    2.5,
    2.88,
    3.25,
    3.62,
    4.0
  ],
  "y_ticks_encrypted": [
    9400.0,
    10400.0,
    11400.0,
    12400.0,
    13400.0,
    14400.0,
    15400.0,
    16400.0,
    17400.0
  ],
  "series_color": {
    "PAK": [
      "#ffb3e6"
    ],
    "COL": [
      "#f0c2c2"
    ],
    "THA": [
      "#fb9a99"
    ],
    "KOR": [
      "#ff7f00"
    ],
    "ZAF": [
      "#b2df8a"
    ],
    "IND": [
      "#8dd3c7"
    ],
    "ESP": [
      "#e31a1c"
    ],
    "NGA": [
      "#c2c2f0"
    ],
    "MEX": [
      "#fdbf6f"
    ],
    "JPN": [
      "#6a3d9a"
    ],
    "DEU": [
      "#b15928"
    ]
  },
  "label_perturbations": {
    "PAK": [
      {
        "original": [
          459,
          351
        ],
        "dx": 0.1827420874497761,
        "dy": 0.18621261888564428
      }
    ],
    "COL": [
      {
        "original": [
          459,
          351
        ],
        "dx": -0.16654527594884191,
        "dy": -0.1758558058198752
      }
    ],
    "THA": [
      {
        "original": [
          459,
          351
        ],
        "dx": 0.09851323281346802,
        "dy": 0.1822280054965511
      }
    ],
    "KOR": [
      {
        "original": [
          459,
          351
        ],
        "dx": 0.0012906681399703912,
        "dy": 0.12841876464085528
      }
    ],
    "ZAF": [
      {
        "original": [
          459,
          351
        ],
        "dx": 0.1454937941461415,
        "dy": 0.10472940374418788
      }
    ],
    "IND": [
      {
        "original": [
          459,
          351
        ],
        "dx": 0.061141915720593076,
        "dy": -0.1247774990440195
      }
    ],
    "ESP": [
      {
        "original": [
          459,
          351
        ],
        "dx": -0.12845795800079612,
        "dy": 0.13412379239870414
      }
    ],
    "NGA": [
      {
        "original": [
          459,
          351
        ],
        "dx": -0.1516992582410296,
        "dy": -0.18742437773020462
      }
    ],
    "MEX": [
      {
        "original": [
          459,
          351
        ],
        "dx": 0.08804301459768193,
        "dy": -0.1858852839078997
      }
    ],
    "JPN": [
      {
        "original": [
          459,
          351
        ],
        "dx": 0.027590594654623185,
        "dy": -0.1673796707241314
      }
    ],
    "DEU": [
      {
        "original": [
          459,
          351
        ],
        "dx": 0.09342858771209012,
        "dy": 0.057675472857516286
      }
    ]
  }
}