{
  "chart_id": "scatter_035",
  "title": "Internet penetration (%) vs GDP per capita (USD)",
  "dpi": 200,
  "fig_size": [
    5,
    4
  ],
  "font_size": 12,
  "palette": [
    "#f0c2c2",
    "#6a3d9a",
    "#c2c2f0",
    "#b15928",
    "#cab2d6",
    "#c2f0c2",
    "#fb9a99",
    "#fdbf6f",
    "#33a02c",
    "#b2df8a",
    "#8dd3c7",
    "#ff7f00",
    "#ffb3e6",
    "#ffff99",
    "#e31a1c"
  ],
  "marker": "o",
  "sample_size": 14,
  "point_size_range": [
    30,
    60
  ],
  "x_ticks": [
    42.0,
    47.5,
    53.0,
    58.5,
    64.0
  ],
  "y_ticks": [
    24000.0,
    33500.0,
    43000.0,
    52500.0,
    62000.0
  ],
  "x_ticks_encrypted": [
    42.0,
    44.75,
    47.5,
    50.25,
    53.0,
    55.75,
    58.5,
    61.25,
    64.0
  ],
  "y_ticks_encrypted": [
    24000.0,
    28750.0,
    33500.0,
    38250.0,
    43000.0,
    47750.0,
    52500.0,
    57250.0,
    62000.0
  ],
  "series_color": {
    "PAK": [
      "#c2f0c2"
    ],
    "JPN": [
      "#ffff99"
    ],
    "UKR": [
      "#ffb3e6"
    ],
    "POL": [
      "#fb9a99"
    ],
    "SAU": [
      "#f0c2c2"
    ],
    "BRA": [
      "#6a3d9a"
    ],
    "AUS": [
      "#33a02c"
    ],
    "VNM": [
      "#cab2d6"
    ],
    "TUR": [
      "#fdbf6f"
    ],
    "FRA": [
      "#8dd3c7"
    ],
    "ESP": [
      "#c2c2f0"
    ],
    "MEX": [
      "#e31a1c"
    ],
    "KOR": [
      "#b2df8a"
    ],
    "CAN": [
      "#ff7f00"
    ]
  },
  "label_perturbations": {
    "PAK": [
      {
        "original": [
          759,
          161
        ],
        "dx": -0.03439501366454828,
        "dy": -0.05051432814269119
      }
    ],
    "JPN": [
      {
        "original": [
          759,
          161
        ],
        "dx": -0.07448360367174942,
        "dy": 0.08927176679375387
      }
    ],
    "UKR": [
      {
        "original": [
          759,
          161
        ],
        "dx": -0.03835133591130466,
        "dy": 0.038953313424554326
      }
    ],
    "POL": [
      {
        "original": [
          759,
          161
        ],
        "dx": 0.060382495170099804,
        "dy": 0.1327368174994174
      }
    ],
    "SAU": [
      {
        "original": [
          759,
          161
        ],
        "dx": -0.07476786195538887,
        "dy": 0.08709275614204487
      }
    ],
    "BRA": [
      {
        "original": [
          759,
          161
        ],
        "dx": -0.03285142071606356,
        "dy": 0.022823074079001276
      }
    ],
    "AUS": [
      {
        "original": [
          759,
          161
        ],
        "dx": -0.05769648810676717,
        "dy": 0.19029635695857083
      }
    ],
    "VNM": [
      {
        "original": [
          759,
          161
        ],
        "dx": 0.105745884853579,
        "dy": 0.11461696887253209
      }
    ],
    "TUR": [
      {
        "original": [
          759,
          161
        ],
        "dx": -0.10733769722691791,
        "dy": -0.1419805793592422
      }
    ],
    "FRA": [
      {
        "original": [
          759,
          161
        ],
        "dx": 0.16772633652707447,
        "dy": -0.049400339979360997
      }
    ],
    "ESP": [
      {
        "original": [
          759,
          161
        ],
        "dx": 0.01912123766372198,
        "dy": 0.00929967657729619
      }
    ],
    "MEX": [
      {
        "original": [
          759,
          161
        ],
        "dx": -0.13857781302781114,
        "dy": 0.01819119421734569
      }
    ],
    "KOR": [
      {
        "original": [
          759,
          161
        ],
        "dx": -0.1965547519687302,
        "dy": -0.07573521107467146
      }
    ],
    "CAN": [
      {
        "original": [
          759,
          161
        ],
        "dx": -0.08350820727494193,
        "dy": 0.19928597130322245
      }
    ]
  }
}