{
  "chart_id": "scatter_026",
  "title": "R&D spending (% of GDP) vs Patent applications",
  "dpi": 100,
  "fig_size": [
    7,
    5
  ],
  "font_size": 8,
  "palette": [
    "#f0c2c2",
    "#6a3d9a",
    "#c2c2f0",
    "#b15928",
    "#cab2d6",
    "#c2f0c2",
    "#fb9a99",
    "#fdbf6f",
    "#33a02c",
    "#b2df8a",
    "#8dd3c7",
    "#ff7f00",
    "#ffb3e6",
    "#ffff99",
    "#e31a1c"
  ],
  "marker": "v",
  "sample_size": 13,
  "point_size_range": [
    30,
    60
  ],
  "x_ticks": [
    1.0,
    1.75,
    2.5,
    3.25,
    4.0
  ],
  "y_ticks": [
    8800.0,
    10750.0,
    12700.0,
    14650.0,
    16600.0
  ],
  "x_ticks_encrypted": [
    1.0,
    1.38,
    1.75,
    2.12,
    2.5,
    2.88,
    3.25,
    3.62,
    4.0
  ],
  "y_ticks_encrypted": [
    8800.0,
    9775.0,
    10750.0,
    11725.0,
    12700.0,
    13675.0,
    14650.0,
    15625.0,
    16600.0
  ],
  "series_color": {
    "PAK": [
      "#f0c2c2"
    ],
    "UKR": [
      "#33a02c"
    ],
    "ESP": [
      "#ffb3e6"
    ],
    "IND": [
      "#b2df8a"
    ],
    "TUR": [
      "#6a3d9a"
    ],
    "GBR": [
      "#c2f0c2"
    ],
    "CAN": [
      "#c2c2f0"
    ],
    "ARG": [
      "#b15928"
    ],
    "EGY": [
      "#8dd3c7"
    ],
    "PHL": [
      "#e31a1c"
    ],
    "ZAF": [
      "#fdbf6f"
    ],
    "AUS": [
      "#cab2d6"
    ],
    "POL": [
      "#ffff99"
    ]
  },
  "label_perturbations": {
    "PAK": [
      {
        "original": [
          400,
          184
        ],
        "dx": 0.16002956496111664,
        "dy": -0.04078775413945318
      }
    ],
    "UKR": [
      {
        "original": [
          400,
          184
        ],
        "dx": 0.04878618647619834,
        "dy": 0.11325580225090093
      }
    ],
    "ESP": [
      {
        "original": [
          400,
          184
        ],
        "dx": 0.044702770183795565,
        "dy": -0.009707771224103823
      }
    ],
    "IND": [
      {
        "original": [
          400,
          184
        ],
        "dx": 0.03686315491054176,
        "dy": -0.1440250789618508
      }
    ],
    "TUR": [
      {
        "original": [
          400,
          184
        ],
        "dx": -0.004733990348150252,
        "dy": -0.057675535461824134
      }
    ],
    "GBR": [
      {
        "original": [
          400,
          184
        ],
        "dx": -0.0026320240301164755,
        "dy": 0.17055194864900142
      }
    ],
    "CAN": [
      {
        "original": [
          400,
          184
        ],
        "dx": -0.19606104121910015,
        "dy": 0.14895293429266226
      }
    ],
    "ARG": [
      {
        "original": [
          400,
          184
        ],
        "dx": 0.17105895517618902,
        "dy": 0.19332889495130662
      }
    ],
    "EGY": [
      {
        "original": [
          400,
          184
        ],
        "dx": 0.15993560610622576,
        "dy": 0.021945985394871054
      }
    ],
    "PHL": [
      {
        "original": [
          400,
          184
        ],
        "dx": -0.05633329540033902,
        "dy": 0.18958382685800912
      }
    ],
    "ZAF": [
      {
        "original": [
          400,
          184
        ],
        "dx": -0.12023169759892155,
        "dy": -0.1684887821809622
      }
    ],
    "AUS": [
      {
        "original": [
          400,
          184
        ],
        "dx": 0.039032127813125234,
        "dy": 0.19372096084975032
      }
    ],
    "POL": [
      {
        "original": [
          400,
          184
        ],
        "dx": -0.16001308147863127,
        "dy": -0.08989941697855941
      }
    ]
  }
}