{
  "chart_id": "scatter_059",
  "title": "Working hours/week vs Happiness Index",
  "dpi": 100,
  "fig_size": [
    5,
    4
  ],
  "font_size": 12,
  "palette": [
    "#f0c2c2",
    "#6a3d9a",
    "#c2c2f0",
    "#b15928",
    "#cab2d6",
    "#c2f0c2",
    "#fb9a99",
    "#fdbf6f",
    "#33a02c",
    "#b2df8a",
    "#8dd3c7",
    "#ff7f00",
    "#ffb3e6",
    "#ffff99",
    "#e31a1c"
  ],
  "marker": "v",
  "sample_size": 11,
  "point_size_range": [
    30,
    60
  ],
  "x_ticks": [
    32.0,
    36.5,
    41.0,
    45.5,
    50.0
  ],
  "y_ticks": [
    5.0,
    5.5,
    6.0,
    6.5,
    7.0
  ],
  "x_ticks_encrypted": [
    32.0,
    34.25,
    36.5,
    38.75,
    41.0,
    43.25,
    45.5,
    47.75,
    50.0
  ],
  "y_ticks_encrypted": [
    5.0,
    5.25,
    5.5,
    5.75,
    6.0,
    6.25,
    6.5,
    6.75,
    7.0
  ],
  "series_color": {
    "USA": [
      "#ff7f00"
    ],
    "ESP": [
      "#8dd3c7"
    ],
    "KOR": [
      "#b2df8a"
    ],
    "VNM": [
      "#c2c2f0"
    ],
    "UKR": [
      "#b15928"
    ],
    "POL": [
      "#6a3d9a"
    ],
    "SAU": [
      "#e31a1c"
    ],
    "PAK": [
      "#fb9a99"
    ],
    "PHL": [
      "#ffb3e6"
    ],
    "IND": [
      "#c2f0c2"
    ],
    "AUS": [
      "#fdbf6f"
    ]
  },
  "label_perturbations": {
    "USA": [
      {
        "original": [
          295,
          279
        ],
        "dx": 0.14589578632960826,
        "dy": -0.14074741146880743
      }
    ],
    "ESP": [
      {
        "original": [
          295,
          279
        ],
        "dx": -0.012203543307841347,
        "dy": -0.04025208057574026
      }
    ],
    "KOR": [
      {
        "original": [
          295,
          279
        ],
        "dx": 0.08136649604996438,
        "dy": -0.11111777776899263
      }
    ],
    "VNM": [
      {
        "original": [
          295,
          279
        ],
        "dx": 0.04275704730777416,
        "dy": 0.19748071600706313
      }
    ],
    "UKR": [
      {
        "original": [
          295,
          279
        ],
        "dx": 0.11079039132474677,
        "dy": -0.05697234342651014
      }
    ],
    "POL": [
      {
        "original": [
          295,
          279
        ],
        "dx": -0.057352969793952185,
        "dy": -0.08589218715176031
      }
    ],
    "SAU": [
      {
        "original": [
          295,
          279
        ],
        "dx": 0.17901341465809156,
        "dy": 0.054549428751895945
      }
    ],
    "PAK": [
      {
        "original": [
          295,
          279
        ],
        "dx": -0.043406956489128234,
        "dy": -0.14897921734969613
      }
    ],
    "PHL": [
      {
        "original": [
          295,
          279
        ],
        "dx": 0.0013393824639084673,
        "dy": -0.04659873179529811
      }
    ],
    "IND": [
      {
        "original": [
          295,
          279
        ],
        "dx": 0.09860081936809734,
        "dy": -0.14888969471134528
      }
    ],
    "AUS": [
      {
        "original": [
          295,
          279
        ],
        "dx": 0.1588774381943951,
        "dy": 0.07274480616499573
      }
    ]
  }
}