{
  "chart_id": "scatter_080",
  "title": "GDP per capita (USD) vs Life expectancy (years)",
  "dpi": 200,
  "fig_size": [
    5,
    4
  ],
  "font_size": 10,
  "palette": [
    "#9467bd",
    "#e377c2",
    "#17becf",
    "#66c2a5",
    "#a6cee3",
    "#2ca02c",
    "#d62728",
    "#e78ac3",
    "#1f77b4",
    "#8c564b",
    "#bcbd22",
    "#fc8d62",
    "#8da0cb",
    "#7f7f7f",
    "#ff7f0e"
  ],
  "marker": "o",
  "sample_size": 13,
  "point_size_range": [
    30,
    60
  ],
  "x_ticks": [
    24000.0,
    33000.0,
    42000.0,
    51000.0,
    60000.0
  ],
  "y_ticks": [
    64.0,
    66.5,
    69.0,
    71.5,
    74.0
  ],
  "x_ticks_encrypted": [
    24000.0,
    28500.0,
    33000.0,
    37500.0,
    42000.0,
    46500.0,
    51000.0,
    55500.0,
    60000.0
  ],
  "y_ticks_encrypted": [
    64.0,
    65.25,
    66.5,
    67.75,
    69.0,
    70.25,
    71.5,
    72.75,
    74.0
  ],
  "series_color": {
    "POL": [
      "#66c2a5"
    ],
    "KOR": [
      "#d62728"
    ],
    "MEX": [
      "#bcbd22"
    ],
    "AUS": [
      "#7f7f7f"
    ],
    "TUR": [
      "#fc8d62"
    ],
    "IDN": [
      "#8c564b"
    ],
    "RUS": [
      "#9467bd"
    ],
    "FRA": [
      "#ff7f0e"
    ],
    "DEU": [
      "#17becf"
    ],
    "ARG": [
      "#a6cee3"
    ],
    "THA": [
      "#8da0cb"
    ],
    "IRN": [
      "#1f77b4"
    ],
    "NGA": [
      "#2ca02c"
    ]
  },
  "label_perturbations": {
    "POL": [
      {
        "original": [
          788,
          457
        ],
        "dx": -0.1525743330012846,
        "dy": -0.06551959801686241
      }
    ],
    "KOR": [
      {
        "original": [
          788,
          457
        ],
        "dx": -0.12592857111582018,
        "dy": -0.0083611306999683
      }
    ],
    "MEX": [
      {
        "original": [
          788,
          457
        ],
        "dx": -0.017493047895544456,
        "dy": -0.049873603008122214
      }
    ],
    "AUS": [
      {
        "original": [
          788,
          457
        ],
        "dx": 0.08838319707091558,
        "dy": 0.10641447547920063
      }
    ],
    "TUR": [
      {
        "original": [
          788,
          457
        ],
        "dx": 0.12505147696090763,
        "dy": 0.07416784239341895
      }
    ],
    "IDN": [
      {
        "original": [
          788,
          457
        ],
        "dx": -0.10522214306363563,
        "dy": -0.03274905123395136
      }
    ],
    "RUS": [
      {
        "original": [
          788,
          457
        ],
        "dx": 0.05405224481202847,
        "dy": -0.06653267150540115
      }
    ],
    "FRA": [
      {
        "original": [
          788,
          457
        ],
        "dx": 0.004699950061389929,
        "dy": -0.01324722512356194
      }
    ],
    "DEU": [
      {
        "original": [
          788,
          457
        ],
        "dx": 0.053672012639936706,
        "dy": -0.12917777472457237
      }
    ],
    "ARG": [
      {
        "original": [
          788,
          457
        ],
        "dx": 0.09542224263507293,
        "dy": 0.18283216750273396
      }
    ],
    "THA": [
      {
        "original": [
          788,
          457
        ],
        "dx": 0.19087509157258703,
        "dy": 0.1512773714437794
      }
    ],
    "IRN": [
      {
        "original": [
          788,
          457
        ],
        "dx": -0.12034991751356722,
        "dy": 0.1582274291923454
      }
    ],
    "NGA": [
      {
        "original": [
          788,
          457
        ],
        "dx": -0.17617540204198345,
        "dy": 0.09600824491739163
      }
    ]
  }
}