{
  "chart_id": "scatter_088",
  "title": "Urbanization rate (%) vs Population density",
  "dpi": 100,
  "fig_size": [
    7,
    5
  ],
  "font_size": 8,
  "palette": [
    "#f0c2c2",
    "#6a3d9a",
    "#c2c2f0",
    "#b15928",
    "#cab2d6",
    "#c2f0c2",
    "#fb9a99",
    "#fdbf6f",
    "#33a02c",
    "#b2df8a",
    "#8dd3c7",
    "#ff7f00",
    "#ffb3e6",
    "#ffff99",
    "#e31a1c"
  ],
  "marker": "D",
  "sample_size": 8,
  "point_size_range": [
    30,
    60
  ],
  "x_ticks": [
    46.0,
    53.5,
    61.0,
    68.5,
    76.0
  ],
  "y_ticks": [
    1180.0,
    1350.0,
    1520.0,
    1690.0,
    1860.0
  ],
  "x_ticks_encrypted": [
    46.0,
    49.75,
    53.5,
    57.25,
    61.0,
    64.75,
    68.5,
    72.25,
    76.0
  ],
  "y_ticks_encrypted": [
    1180.0,
    1265.0,
    1350.0,
    1435.0,
    1520.0,
    1605.0,
    1690.0,
    1775.0,
    1860.0
  ],
  "series_color": {
    "BRA": [
      "#cab2d6"
    ],
    "JPN": [
      "#b15928"
    ],
    "IND": [
      "#8dd3c7"
    ],
    "TUR": [
      "#e31a1c"
    ],
    "PHL": [
      "#c2c2f0"
    ],
    "EGY": [
      "#c2f0c2"
    ],
    "KOR": [
      "#ffff99"
    ],
    "IRN": [
      "#fdbf6f"
    ]
  },
  "label_perturbations": {
    "BRA": [
      {
        "original": [
          333,
          105
        ],
        "dx": 0.09218539606879095,
        "dy": 0.03951476311559715
      }
    ],
    "JPN": [
      {
        "original": [
          333,
          105
        ],
        "dx": -0.19708949718218538,
        "dy": 0.04819748990040834
      }
    ],
    "IND": [
      {
        "original": [
          333,
          105
        ],
        "dx": -0.05908817035419789,
        "dy": -0.12137049500086344
      }
    ],
    "TUR": [
      {
        "original": [
          333,
          105
        ],
        "dx": 0.0621764053522067,
        "dy": -0.0061833534597322826
      }
    ],
    "PHL": [
      {
        "original": [
          333,
          105
        ],
        "dx": -0.0018410962250462737,
        "dy": -0.16329319835028114
      }
    ],
    "EGY": [
      {
        "original": [
          333,
          105
        ],
        "dx": -0.08522351740123497,
        "dy": 0.10571103648996821
      }
    ],
    "KOR": [
      {
        "original": [
          333,
          105
        ],
        "dx": -0.023276171140978436,
        "dy": 0.014655716542294084
      }
    ],
    "IRN": [
      {
        "original": [
          333,
          105
        ],
        "dx": 0.1086766194053228,
        "dy": -0.1811553375871757
      }
    ]
  }
}