{
  "chart_id": "scatter_021",
  "title": "CO2 emissions per capita (tons) vs Renewable energy share (%)",
  "dpi": 100,
  "fig_size": [
    7,
    5
  ],
  "font_size": 8,
  "palette": [
    "#9467bd",
    "#e377c2",
    "#17becf",
    "#66c2a5",
    "#a6cee3",
    "#2ca02c",
    "#d62728",
    "#e78ac3",
    "#1f77b4",
    "#8c564b",
    "#bcbd22",
    "#fc8d62",
    "#8da0cb",
    "#7f7f7f",
    "#ff7f0e"
  ],
  "marker": "o",
  "sample_size": 11,
  "point_size_range": [
    30,
    60
  ],
  "x_ticks": [
    8.0,
    9.5,
    11.0,
    12.5,
    14.0
  ],
  "y_ticks": [
    26.0,
    33.0,
    40.0,
    47.0,
    54.0
  ],
  "x_ticks_encrypted": [
    8.0,
    8.75,
    9.5,
    10.25,
    11.0,
    11.75,
    12.5,
    13.25,
    14.0
  ],
  "y_ticks_encrypted": [
    26.0,
    29.5,
    33.0,
    36.5,
    40.0,
    43.5,
    47.0,
    50.5,
    54.0
  ],
  "series_color": {
    "BRA": [
      "#e78ac3"
    ],
    "POL": [
      "#d62728"
    ],
    "AUS": [
      "#ff7f0e"
    ],
    "ARG": [
      "#8da0cb"
    ],
    "FRA": [
      "#bcbd22"
    ],
    "ESP": [
      "#9467bd"
    ],
    "ITA": [
      "#2ca02c"
    ],
    "IDN": [
      "#a6cee3"
    ],
    "ZAF": [
      "#17becf"
    ],
    "NGA": [
      "#7f7f7f"
    ],
    "KOR": [
      "#66c2a5"
    ]
  },
  "label_perturbations": {
    "BRA": [
      {
        "original": [
          167,
          88
        ],
        "dx": 0.1792764777961875,
        "dy": -0.15419601024489626
      }
    ],
    "POL": [
      {
        "original": [
          167,
          88
        ],
        "dx": 0.07261806935151138,
        "dy": -0.18737703351201077
      }
    ],
    "AUS": [
      {
        "original": [
          167,
          88
        ],
        "dx": 0.12029938503395332,
        "dy": -0.1579387026153202
      }
    ],
    "ARG": [
      {
        "original": [
          167,
          88
        ],
        "dx": -0.037231422094865435,
        "dy": 0.17299550929124413
      }
    ],
    "FRA": [
      {
        "original": [
          167,
          88
        ],
        "dx": 0.05274210351750702,
        "dy": -0.16707617663238028
      }
    ],
    "ESP": [
      {
        "original": [
          167,
          88
        ],
        "dx": -0.01589505066294411,
        "dy": 0.08381445809497168
      }
    ],
    "ITA": [
      {
        "original": [
          167,
          88
        ],
        "dx": -0.03328766453538218,
        "dy": 0.12457028965985101
      }
    ],
    "IDN": [
      {
        "original": [
          167,
          88
        ],
        "dx": 0.16453417520414892,
        "dy": -0.19916295879734505
      }
    ],
    "ZAF": [
      {
        "original": [
          167,
          88
        ],
        "dx": 0.06446031374190359,
        "dy": -0.15482749764786818
      }
    ],
    "NGA": [
      {
        "original": [
          167,
          88
        ],
        "dx": 0.1648345024590685,
        "dy": 0.015130386702153664
      }
    ],
    "KOR": [
      {
        "original": [
          167,
          88
        ],
        "dx": 0.04789940476524035,
        "dy": 0.09602481594225531
      }
    ]
  }
}