{
  "chart_id": "scatter_040",
  "title": "GDP per capita (USD) vs Life expectancy (years)",
  "dpi": 200,
  "fig_size": [
    7,
    5
  ],
  "font_size": 8,
  "palette": [
    "#9467bd",
    "#e377c2",
    "#17becf",
    "#66c2a5",
    "#a6cee3",
    "#2ca02c",
    "#d62728",
    "#e78ac3",
    "#1f77b4",
    "#8c564b",
    "#bcbd22",
    "#fc8d62",
    "#8da0cb",
    "#7f7f7f",
    "#ff7f0e"
  ],
  "marker": "o",
  "sample_size": 8,
  "point_size_range": [
    30,
    60
  ],
  "x_ticks": [
    26000.0,
    31500.0,
    37000.0,
    42500.0,
    48000.0
  ],
  "y_ticks": [
    64.0,
    66.5,
    69.0,
    71.5,
    74.0
  ],
  "x_ticks_encrypted": [
    26000.0,
    28750.0,
    31500.0,
    34250.0,
    37000.0,
    39750.0,
    42500.0,
    45250.0,
    48000.0
  ],
  "y_ticks_encrypted": [
    64.0,
    65.25,
    66.5,
    67.75,
    69.0,
    70.25,
    71.5,
    72.75,
    74.0
  ],
  "series_color": {
    "ZAF": [
      "#e377c2"
    ],
    "USA": [
      "#1f77b4"
    ],
    "PAK": [
      "#ff7f0e"
    ],
    "IRN": [
      "#9467bd"
    ],
    "SAU": [
      "#2ca02c"
    ],
    "VNM": [
      "#fc8d62"
    ],
    "IND": [
      "#66c2a5"
    ],
    "BRA": [
      "#17becf"
    ]
  },
  "label_perturbations": {
    "ZAF": [
      {
        "original": [
          783,
          452
        ],
        "dx": 0.03948699948806417,
        "dy": 0.18733239805604363
      }
    ],
    "USA": [
      {
        "original": [
          783,
          452
        ],
        "dx": 0.13808122718402965,
        "dy": 0.013532686908923175
      }
    ],
    "PAK": [
      {
        "original": [
          783,
          452
        ],
        "dx": 0.13665436793862457,
        "dy": 0.028467216529614703
      }
    ],
    "IRN": [
      {
        "original": [
          783,
          452
        ],
        "dx": -0.06997368672507931,
        "dy": -0.1911549555753092
      }
    ],
    "SAU": [
      {
        "original": [
          783,
          452
        ],
        "dx": 0.19381898497880273,
        "dy": 0.05240157267712037
      }
    ],
    "VNM": [
      {
        "original": [
          783,
          452
        ],
        "dx": 0.1188054560569029,
        "dy": 0.1601535271825258
      }
    ],
    "IND": [
      {
        "original": [
          783,
          452
        ],
        "dx": -0.15356014621651504,
        "dy": 0.012716137299882802
      }
    ],
    "BRA": [
      {
        "original": [
          783,
          452
        ],
        "dx": -0.059909388396818336,
        "dy": 0.05799319024125715
      }
    ]
  }
}