{
  "chart_id": "scatter_032",
  "title": "Health expenditure per capita (USD) vs Life expectancy (years)",
  "dpi": 200,
  "fig_size": [
    7,
    5
  ],
  "font_size": 10,
  "palette": [
    "#9467bd",
    "#e377c2",
    "#17becf",
    "#66c2a5",
    "#a6cee3",
    "#2ca02c",
    "#d62728",
    "#e78ac3",
    "#1f77b4",
    "#8c564b",
    "#bcbd22",
    "#fc8d62",
    "#8da0cb",
    "#7f7f7f",
    "#ff7f0e"
  ],
  "marker": "s",
  "sample_size": 13,
  "point_size_range": [
    30,
    60
  ],
  "x_ticks": [
    4400.0,
    5200.0,
    6000.0,
    6800.0,
    7600.0
  ],
  "y_ticks": [
    62.0,
    65.5,
    69.0,
    72.5,
    76.0
  ],
  "x_ticks_encrypted": [
    4400.0,
    4800.0,
    5200.0,
    5600.0,
    6000.0,
    6400.0,
    6800.0,
    7200.0,
    7600.0
  ],
  "y_ticks_encrypted": [
    62.0,
    63.75,
    65.5,
    67.25,
    69.0,
    70.75,
    72.5,
    74.25,
    76.0
  ],
  "series_color": {
    "IDN": [
      "#7f7f7f"
    ],
    "IND": [
      "#e78ac3"
    ],
    "PHL": [
      "#bcbd22"
    ],
    "ESP": [
      "#fc8d62"
    ],
    "PAK": [
      "#d62728"
    ],
    "KOR": [
      "#8c564b"
    ],
    "UKR": [
      "#2ca02c"
    ],
    "DEU": [
      "#8da0cb"
    ],
    "USA": [
      "#1f77b4"
    ],
    "CHN": [
      "#ff7f0e"
    ],
    "JPN": [
      "#a6cee3"
    ],
    "RUS": [
      "#9467bd"
    ],
    "EGY": [
      "#e377c2"
    ]
  },
  "label_perturbations": {
    "IDN": [
      {
        "original": [
          919,
          638
        ],
        "dx": 0.01060435092453682,
        "dy": -0.14263742923213965
      }
    ],
    "IND": [
      {
        "original": [
          919,
          638
        ],
        "dx": -0.033566351807971795,
        "dy": 0.01318546596566525
      }
    ],
    "PHL": [
      {
        "original": [
          919,
          638
        ],
        "dx": -0.11657562256493877,
        "dy": 0.018694211435077795
      }
    ],
    "ESP": [
      {
        "original": [
          919,
          638
        ],
        "dx": 0.05748226668657852,
        "dy": 0.03292959862880526
      }
    ],
    "PAK": [
      {
        "original": [
          919,
          638
        ],
        "dx": -0.06794139730735912,
        "dy": 0.09066757929835134
      }
    ],
    "KOR": [
      {
        "original": [
          919,
          638
        ],
        "dx": 0.12543907113835623,
        "dy": 0.1036077920992875
      }
    ],
    "UKR": [
      {
        "original": [
          919,
          638
        ],
        "dx": 0.0030015712907204006,
        "dy": 0.029185079628239713
      }
    ],
    "DEU": [
      {
        "original": [
          919,
          638
        ],
        "dx": 0.1139846565563028,
        "dy": 0.15350441851396124
      }
    ],
    "USA": [
      {
        "original": [
          919,
          638
        ],
        "dx": -0.02910839180076122,
        "dy": 0.06593684779866915
      }
    ],
    "CHN": [
      {
        "original": [
          919,
          638
        ],
        "dx": -0.10257268400072644,
        "dy": 0.14871811881301017
      }
    ],
    "JPN": [
      {
        "original": [
          919,
          638
        ],
        "dx": -0.023474955683804977,
        "dy": 0.1633595958148718
      }
    ],
    "RUS": [
      {
        "original": [
          919,
          638
        ],
        "dx": 0.19524821353584076,
        "dy": 0.13980982918326873
      }
    ],
    "EGY": [
      {
        "original": [
          919,
          638
        ],
        "dx": 0.19135702965820195,
        "dy": 0.138112382856791
      }
    ]
  }
}