{
  "chart_id": "scatter_033",
  "title": "Literacy rate (%) vs Education spending (% of GDP)",
  "dpi": 200,
  "fig_size": [
    7,
    5
  ],
  "font_size": 12,
  "palette": [
    "#f0c2c2",
    "#6a3d9a",
    "#c2c2f0",
    "#b15928",
    "#cab2d6",
    "#c2f0c2",
    "#fb9a99",
    "#fdbf6f",
    "#33a02c",
    "#b2df8a",
    "#8dd3c7",
    "#ff7f00",
    "#ffb3e6",
    "#ffff99",
    "#e31a1c"
  ],
  "marker": "^",
  "sample_size": 14,
  "point_size_range": [
    30,
    60
  ],
  "x_ticks": [
    78.0,
    80.5,
    83.0,
    85.5,
    88.0
  ],
  "y_ticks": [
    4.0,
    4.5,
    5.0,
    5.5,
    6.0
  ],
  "x_ticks_encrypted": [
    78.0,
    79.25,
    80.5,
    81.75,
    83.0,
    84.25,
    85.5,
    86.75,
    88.0
  ],
  "y_ticks_encrypted": [
    4.0,
    4.25,
    4.5,
    4.75,
    5.0,
    5.25,
    5.5,
    5.75,
    6.0
  ],
  "series_color": {
    "NGA": [
      "#ffb3e6"
    ],
    "TUR": [
      "#33a02c"
    ],
    "CHN": [
      "#e31a1c"
    ],
    "IDN": [
      "#fdbf6f"
    ],
    "DEU": [
      "#6a3d9a"
    ],
    "KOR": [
      "#ffff99"
    ],
    "ARG": [
      "#b15928"
    ],
    "ITA": [
      "#c2c2f0"
    ],
    "USA": [
      "#ff7f00"
    ],
    "FRA": [
      "#cab2d6"
    ],
    "THA": [
      "#c2f0c2"
    ],
    "IND": [
      "#f0c2c2"
    ],
    "CAN": [
      "#b2df8a"
    ],
    "GBR": [
      "#fb9a99"
    ]
  },
  "label_perturbations": {
    "NGA": [
      {
        "original": [
          817,
          555
        ],
        "dx": 0.1643203929718956,
        "dy": 0.11849716014053824
      }
    ],
    "TUR": [
      {
        "original": [
          817,
          555
        ],
        "dx": -0.16473003080136786,
        "dy": 0.052562398959828505
      }
    ],
    "CHN": [
      {
        "original": [
          817,
          555
        ],
        "dx": -0.14315192381182928,
        "dy": -0.04491050993786133
      }
    ],
    "IDN": [
      {
        "original": [
          817,
          555
        ],
        "dx": -0.04872133095887626,
        "dy": -0.08795252256158786
      }
    ],
    "DEU": [
      {
        "original": [
          817,
          555
        ],
        "dx": 0.07049257197107817,
        "dy": -0.0641445705639728
      }
    ],
    "KOR": [
      {
        "original": [
          817,
          555
        ],
        "dx": 0.1368598693763094,
        "dy": -0.1850267092403416
      }
    ],
    "ARG": [
      {
        "original": [
          817,
          555
        ],
        "dx": 0.09950579460891151,
        "dy": 0.1966488344273461
      }
    ],
    "ITA": [
      {
        "original": [
          817,
          555
        ],
        "dx": 0.10066114293338141,
        "dy": -0.11452202719215393
      }
    ],
    "USA": [
      {
        "original": [
          817,
          555
        ],
        "dx": -0.1739095758782151,
        "dy": -0.19637893101634418
      }
    ],
    "FRA": [
      {
        "original": [
          817,
          555
        ],
        "dx": -0.17635842684650782,
        "dy": -0.14284264718849335
      }
    ],
    "THA": [
      {
        "original": [
          817,
          555
        ],
        "dx": 0.1992146764537457,
        "dy": -0.11691935384701053
      }
    ],
    "IND": [
      {
        "original": [
          817,
          555
        ],
        "dx": -0.09146188822272659,
        "dy": -0.19963886295059316
      }
    ],
    "CAN": [
      {
        "original": [
          817,
          555
        ],
        "dx": 0.05506041450294441,
        "dy": 0.1609906796114549
      }
    ],
    "GBR": [
      {
        "original": [
          817,
          555
        ],
        "dx": -0.11615784098500237,
        "dy": 0.18241912702080687
      }
    ]
  }
}