{
  "chart_id": "scatter_004",
  "title": "Unemployment rate (%) vs Inflation rate (%)",
  "dpi": 200,
  "fig_size": [
    5,
    4
  ],
  "font_size": 10,
  "palette": [
    "#f0c2c2",
    "#6a3d9a",
    "#c2c2f0",
    "#b15928",
    "#cab2d6",
    "#c2f0c2",
    "#fb9a99",
    "#fdbf6f",
    "#33a02c",
    "#b2df8a",
    "#8dd3c7",
    "#ff7f00",
    "#ffb3e6",
    "#ffff99",
    "#e31a1c"
  ],
  "marker": "o",
  "sample_size": 9,
  "point_size_range": [
    30,
    60
  ],
  "x_ticks": [
    10.0,
    12.5,
    15.0,
    17.5,
    20.0
  ],
  "y_ticks": [
    2.0,
    4.0,
    6.0,
    8.0,
    10.0
  ],
  "x_ticks_encrypted": [
    10.0,
    11.25,
    12.5,
    13.75,
    15.0,
    16.25,
    17.5,
    18.75,
    20.0
  ],
  "y_ticks_encrypted": [
    2.0,
    3.0,
    4.0,
    5.0,
    6.0,
    7.0,
    8.0,
    9.0,
    10.0
  ],
  "series_color": {
    "AUS": [
      "#6a3d9a"
    ],
    "ARG": [
      "#b2df8a"
    ],
    "THA": [
      "#33a02c"
    ],
    "NGA": [
      "#b15928"
    ],
    "CAN": [
      "#c2f0c2"
    ],
    "MEX": [
      "#ffb3e6"
    ],
    "PHL": [
      "#fb9a99"
    ],
    "GBR": [
      "#cab2d6"
    ],
    "IDN": [
      "#ffff99"
    ]
  },
  "label_perturbations": {
    "AUS": [
      {
        "original": [
          258,
          233
        ],
        "dx": -0.07079737453819232,
        "dy": 0.07392944333830315
      }
    ],
    "ARG": [
      {
        "original": [
          258,
          233
        ],
        "dx": -0.13401639629278306,
        "dy": 0.13354218329745565
      }
    ],
    "THA": [
      {
        "original": [
          258,
          233
        ],
        "dx": 0.06105857436631168,
        "dy": -0.07267473879840775
      }
    ],
    "NGA": [
      {
        "original": [
          258,
          233
        ],
        "dx": -0.17255130731692364,
        "dy": -0.0020429810128506642
      }
    ],
    "CAN": [
      {
        "original": [
          258,
          233
        ],
        "dx": 0.07141296687743082,
        "dy": -0.038332185551685466
      }
    ],
    "MEX": [
      {
        "original": [
          258,
          233
        ],
        "dx": 0.03376448430019452,
        "dy": -0.1109071709351
      }
    ],
    "PHL": [
      {
        "original": [
          258,
          233
        ],
        "dx": -0.15449889966908079,
        "dy": 0.04634324481160998
      }
    ],
    "GBR": [
      {
        "original": [
          258,
          233
        ],
        "dx": 0.17442581558805298,
        "dy": 0.05932354388579525
      }
    ],
    "IDN": [
      {
        "original": [
          258,
          233
        ],
        "dx": 0.18007230491013076,
        "dy": -0.013919382129896574
      }
    ]
  }
}