{
  "chart_id": "scatter_024",
  "title": "Unemployment rate (%) vs Inflation rate (%)",
  "dpi": 200,
  "fig_size": [
    5,
    4
  ],
  "font_size": 10,
  "palette": [
    "#f0c2c2",
    "#6a3d9a",
    "#c2c2f0",
    "#b15928",
    "#cab2d6",
    "#c2f0c2",
    "#fb9a99",
    "#fdbf6f",
    "#33a02c",
    "#b2df8a",
    "#8dd3c7",
    "#ff7f00",
    "#ffb3e6",
    "#ffff99",
    "#e31a1c"
  ],
  "marker": "D",
  "sample_size": 11,
  "point_size_range": [
    30,
    60
  ],
  "x_ticks": [
    8.0,
    11.0,
    14.0,
    17.0,
    20.0
  ],
  "y_ticks": [
    4.0,
    5.5,
    7.0,
    8.5,
    10.0
  ],
  "x_ticks_encrypted": [
    8.0,
    9.5,
    11.0,
    12.5,
    14.0,
    15.5,
    17.0,
    18.5,
    20.0
  ],
  "y_ticks_encrypted": [
    4.0,
    4.75,
    5.5,
    6.25,
    7.0,
    7.75,
    8.5,
    9.25,
    10.0
  ],
  "series_color": {
    "VNM": [
      "#f0c2c2"
    ],
    "ZAF": [
      "#b2df8a"
    ],
    "ITA": [
      "#ffff99"
    ],
    "BRA": [
      "#b15928"
    ],
    "THA": [
      "#ff7f00"
    ],
    "EGY": [
      "#8dd3c7"
    ],
    "KOR": [
      "#fdbf6f"
    ],
    "DEU": [
      "#cab2d6"
    ],
    "FRA": [
      "#c2f0c2"
    ],
    "RUS": [
      "#33a02c"
    ],
    "IRN": [
      "#c2c2f0"
    ]
  },
  "label_perturbations": {
    "VNM": [
      {
        "original": [
          661,
          544
        ],
        "dx": 0.023848165191599102,
        "dy": 0.08033762188688753
      }
    ],
    "ZAF": [
      {
        "original": [
          661,
          544
        ],
        "dx": -0.04030538004489054,
        "dy": -0.02178018055082137
      }
    ],
    "ITA": [
      {
        "original": [
          661,
          544
        ],
        "dx": 0.1073222772924245,
        "dy": -0.12248091095139664
      }
    ],
    "BRA": [
      {
        "original": [
          661,
          544
        ],
        "dx": -0.15420332148286967,
        "dy": -0.07057582163983814
      }
    ],
    "THA": [
      {
        "original": [
          661,
          544
        ],
        "dx": 0.021220626666315134,
        "dy": 0.13608154024873403
      }
    ],
    "EGY": [
      {
        "original": [
          661,
          544
        ],
        "dx": -0.015640918486259064,
        "dy": -0.16850966993659444
      }
    ],
    "KOR": [
      {
        "original": [
          661,
          544
        ],
        "dx": -0.117602650281576,
        "dy": -0.10287357084675369
      }
    ],
    "DEU": [
      {
        "original": [
          661,
          544
        ],
        "dx": 0.10456589033274943,
        "dy": 0.10165968866286729
      }
    ],
    "FRA": [
      {
        "original": [
          661,
          544
        ],
        "dx": -0.13493190213813766,
        "dy": 0.07043945536194224
      }
    ],
    "RUS": [
      {
        "original": [
          661,
          544
        ],
        "dx": 0.07158082868204624,
        "dy": -0.17241132888959498
      }
    ],
    "IRN": [
      {
        "original": [
          661,
          544
        ],
        "dx": -0.049941500280360346,
        "dy": 0.045631374815141956
      }
    ]
  }
}