{
  "chart_id": "scatter_027",
  "title": "Hospital beds per 1000 vs Life expectancy (years)",
  "dpi": 200,
  "fig_size": [
    5,
    4
  ],
  "font_size": 12,
  "palette": [
    "#9467bd",
    "#e377c2",
    "#17becf",
    "#66c2a5",
    "#a6cee3",
    "#2ca02c",
    "#d62728",
    "#e78ac3",
    "#1f77b4",
    "#8c564b",
    "#bcbd22",
    "#fc8d62",
    "#8da0cb",
    "#7f7f7f",
    "#ff7f0e"
  ],
  "marker": "v",
  "sample_size": 9,
  "point_size_range": [
    30,
    60
  ],
  "x_ticks": [
    4.0,
    5.25,
    6.5,
    7.75,
    9.0
  ],
  "y_ticks": [
    60.0,
    64.0,
    68.0,
    72.0,
    76.0
  ],
  "x_ticks_encrypted": [
    4.0,
    4.62,
    5.25,
    5.88,
    6.5,
    7.12,
    7.75,
    8.38,
    9.0
  ],
  "y_ticks_encrypted": [
    60.0,
    62.0,
    64.0,
    66.0,
    68.0,
    70.0,
    72.0,
    74.0,
    76.0
  ],
  "series_color": {
    "CAN": [
      "#1f77b4"
    ],
    "BRA": [
      "#e377c2"
    ],
    "FRA": [
      "#fc8d62"
    ],
    "DEU": [
      "#8c564b"
    ],
    "USA": [
      "#2ca02c"
    ],
    "ESP": [
      "#bcbd22"
    ],
    "TUR": [
      "#17becf"
    ],
    "SAU": [
      "#d62728"
    ],
    "KOR": [
      "#7f7f7f"
    ]
  },
  "label_perturbations": {
    "CAN": [
      {
        "original": [
          833,
          375
        ],
        "dx": -0.09845189367705567,
        "dy": -0.13732860003494132
      }
    ],
    "BRA": [
      {
        "original": [
          833,
          375
        ],
        "dx": 0.00327493492834674,
        "dy": 0.12666941248799007
      }
    ],
    "FRA": [
      {
        "original": [
          833,
          375
        ],
        "dx": -0.14260245578318537,
        "dy": -0.13346976345381392
      }
    ],
    "DEU": [
      {
        "original": [
          833,
          375
        ],
        "dx": -0.14105592958919427,
        "dy": -0.1353613502381167
      }
    ],
    "USA": [
      {
        "original": [
          833,
          375
        ],
        "dx": -0.14487794785500208,
        "dy": -0.15212854501834425
      }
    ],
    "ESP": [
      {
        "original": [
          833,
          375
        ],
        "dx": -0.10673130273517728,
        "dy": 0.041773772025570644
      }
    ],
    "TUR": [
      {
        "original": [
          833,
          375
        ],
        "dx": 0.06280322789537496,
        "dy": -0.198523921229065
      }
    ],
    "SAU": [
      {
        "original": [
          833,
          375
        ],
        "dx": 0.19790898465087559,
        "dy": -0.16143284297390995
      }
    ],
    "KOR": [
      {
        "original": [
          833,
          375
        ],
        "dx": 0.04198600993637558,
        "dy": -0.1224240170443757
      }
    ]
  }
}