{
  "chart_id": "scatter_064",
  "title": "Unemployment rate (%) vs Inflation rate (%)",
  "dpi": 100,
  "fig_size": [
    5,
    4
  ],
  "font_size": 10,
  "palette": [
    "#9467bd",
    "#e377c2",
    "#17becf",
    "#66c2a5",
    "#a6cee3",
    "#2ca02c",
    "#d62728",
    "#e78ac3",
    "#1f77b4",
    "#8c564b",
    "#bcbd22",
    "#fc8d62",
    "#8da0cb",
    "#7f7f7f",
    "#ff7f0e"
  ],
  "marker": "^",
  "sample_size": 12,
  "point_size_range": [
    30,
    60
  ],
  "x_ticks": [
    6.0,
    8.5,
    11.0,
    13.5,
    16.0
  ],
  "y_ticks": [
    5.0,
    6.25,
    7.5,
    8.75,
    10.0
  ],
  "x_ticks_encrypted": [
    6.0,
    7.25,
    8.5,
    9.75,
    11.0,
    12.25,
    13.5,
    14.75,
    16.0
  ],
  "y_ticks_encrypted": [
    5.0,
    5.62,
    6.25,
    6.88,
    7.5,
    8.12,
    8.75,
    9.38,
    10.0
  ],
  "series_color": {
    "CHN": [
      "#ff7f0e"
    ],
    "DEU": [
      "#a6cee3"
    ],
    "MEX": [
      "#7f7f7f"
    ],
    "UKR": [
      "#e78ac3"
    ],
    "PAK": [
      "#d62728"
    ],
    "VNM": [
      "#9467bd"
    ],
    "ARG": [
      "#2ca02c"
    ],
    "CAN": [
      "#8da0cb"
    ],
    "IND": [
      "#17becf"
    ],
    "TUR": [
      "#e377c2"
    ],
    "FRA": [
      "#bcbd22"
    ],
    "BRA": [
      "#fc8d62"
    ]
  },
  "label_perturbations": {
    "CHN": [
      {
        "original": [
          382,
          241
        ],
        "dx": -0.11222168249217646,
        "dy": 0.17133855085941602
      }
    ],
    "DEU": [
      {
        "original": [
          382,
          241
        ],
        "dx": 0.12333269440232136,
        "dy": 0.0984651331571692
      }
    ],
    "MEX": [
      {
        "original": [
          382,
          241
        ],
        "dx": 0.0170404770258194,
        "dy": 0.12275932494978037
      }
    ],
    "UKR": [
      {
        "original": [
          382,
          241
        ],
        "dx": -0.1629131492696439,
        "dy": -0.03403707396642136
      }
    ],
    "PAK": [
      {
        "original": [
          382,
          241
        ],
        "dx": -0.005086158818951386,
        "dy": 0.10905090277302326
      }
    ],
    "VNM": [
      {
        "original": [
          382,
          241
        ],
        "dx": 0.09431165565572164,
        "dy": 0.07331825480364118
      }
    ],
    "ARG": [
      {
        "original": [
          382,
          241
        ],
        "dx": -0.019968345738769544,
        "dy": 0.0040138811632299265
      }
    ],
    "CAN": [
      {
        "original": [
          382,
          241
        ],
        "dx": 0.1563233024411722,
        "dy": -0.17841467524734558
      }
    ],
    "IND": [
      {
        "original": [
          382,
          241
        ],
        "dx": -0.05987511032849788,
        "dy": 0.043001355848850314
      }
    ],
    "TUR": [
      {
        "original": [
          382,
          241
        ],
        "dx": -0.03100525464486875,
        "dy": 0.13227844976688652
      }
    ],
    "FRA": [
      {
        "original": [
          382,
          241
        ],
        "dx": 0.10939196024403292,
        "dy": 0.03952489797581732
      }
    ],
    "BRA": [
      {
        "original": [
          382,
          241
        ],
        "dx": 0.010450466103940098,
        "dy": 0.0540401926960038
      }
    ]
  }
}