{
  "chart_id": "scatter_017",
  "title": "Hospital beds per 1000 vs Life expectancy (years)",
  "dpi": 200,
  "fig_size": [
    5,
    4
  ],
  "font_size": 10,
  "palette": [
    "#9467bd",
    "#e377c2",
    "#17becf",
    "#66c2a5",
    "#a6cee3",
    "#2ca02c",
    "#d62728",
    "#e78ac3",
    "#1f77b4",
    "#8c564b",
    "#bcbd22",
    "#fc8d62",
    "#8da0cb",
    "#7f7f7f",
    "#ff7f0e"
  ],
  "marker": "D",
  "sample_size": 15,
  "point_size_range": [
    30,
    60
  ],
  "x_ticks": [
    5.0,
    5.75,
    6.5,
    7.25,
    8.0
  ],
  "y_ticks": [
    62.0,
    65.0,
    68.0,
    71.0,
    74.0
  ],
  "x_ticks_encrypted": [
    5.0,
    5.38,
    5.75,
    6.12,
    6.5,
    6.88,
    7.25,
    7.62,
    8.0
  ],
  "y_ticks_encrypted": [
    62.0,
    63.5,
    65.0,
    66.5,
    68.0,
    69.5,
    71.0,
    72.5,
    74.0
  ],
  "series_color": {
    "IDN": [
      "#e78ac3"
    ],
    "AUS": [
      "#ff7f0e"
    ],
    "ARG": [
      "#8c564b"
    ],
    "MEX": [
      "#bcbd22"
    ],
    "PAK": [
      "#2ca02c"
    ],
    "GBR": [
      "#8da0cb"
    ],
    "SAU": [
      "#17becf"
    ],
    "ITA": [
      "#fc8d62"
    ],
    "IND": [
      "#7f7f7f"
    ],
    "FRA": [
      "#e377c2"
    ],
    "DEU": [
      "#9467bd"
    ],
    "CHN": [
      "#a6cee3"
    ],
    "IRN": [
      "#d62728"
    ],
    "TUR": [
      "#1f77b4"
    ],
    "COL": [
      "#66c2a5"
    ]
  },
  "label_perturbations": {
    "IDN": [
      {
        "original": [
          599,
          463
        ],
        "dx": -0.009073757301066993,
        "dy": 0.1960946289168155
      }
    ],
    "AUS": [
      {
        "original": [
          599,
          463
        ],
        "dx": -0.13639416746364447,
        "dy": 0.10934776140122704
      }
    ],
    "ARG": [
      {
        "original": [
          599,
          463
        ],
        "dx": 0.14084805493905034,
        "dy": 0.004447002015686985
      }
    ],
    "MEX": [
      {
        "original": [
          599,
          463
        ],
        "dx": -0.02624100838540061,
        "dy": 0.19582856568240342
      }
    ],
    "PAK": [
      {
        "original": [
          599,
          463
        ],
        "dx": -0.14838829318359514,
        "dy": 0.03506815834415794
      }
    ],
    "GBR": [
      {
        "original": [
          599,
          463
        ],
        "dx": 0.14834433411016568,
        "dy": -0.026403398537398287
      }
    ],
    "SAU": [
      {
        "original": [
          599,
          463
        ],
        "dx": -0.03385574397926497,
        "dy": 0.1223696335365066
      }
    ],
    "ITA": [
      {
        "original": [
          599,
          463
        ],
        "dx": -0.14758678588761406,
        "dy": -0.18243030625084852
      }
    ],
    "IND": [
      {
        "original": [
          599,
          463
        ],
        "dx": -0.07432854942824005,
        "dy": 0.11395665371545921
      }
    ],
    "FRA": [
      {
        "original": [
          599,
          463
        ],
        "dx": -0.02835716257986967,
        "dy": -0.12633948137895118
      }
    ],
    "DEU": [
      {
        "original": [
          599,
          463
        ],
        "dx": -0.16097386864158947,
        "dy": 0.08985659817398906
      }
    ],
    "CHN": [
      {
        "original": [
          599,
          463
        ],
        "dx": -0.1633452714076556,
        "dy": 0.14013463266489606
      }
    ],
    "IRN": [
      {
        "original": [
          599,
          463
        ],
        "dx": -0.19878226498474963,
        "dy": 0.15025197404464236
      }
    ],
    "TUR": [
      {
        "original": [
          599,
          463
        ],
        "dx": -0.0790577760397166,
        "dy": -0.06397815904019666
      }
    ],
    "COL": [
      {
        "original": [
          599,
          463
        ],
        "dx": 0.05716499074283782,
        "dy": 0.13300454204298146
      }
    ]
  }
}