{
  "chart_id": "scatter_011",
  "title": "CO2 emissions per capita (tons) vs Renewable energy share (%)",
  "dpi": 200,
  "fig_size": [
    5,
    4
  ],
  "font_size": 12,
  "palette": [
    "#9467bd",
    "#e377c2",
    "#17becf",
    "#66c2a5",
    "#a6cee3",
    "#2ca02c",
    "#d62728",
    "#e78ac3",
    "#1f77b4",
    "#8c564b",
    "#bcbd22",
    "#fc8d62",
    "#8da0cb",
    "#7f7f7f",
    "#ff7f0e"
  ],
  "marker": "o",
  "sample_size": 14,
  "point_size_range": [
    30,
    60
  ],
  "x_ticks": [
    6.0,
    8.0,
    10.0,
    12.0,
    14.0
  ],
  "y_ticks": [
    18.0,
    31.5,
    45.0,
    58.5,
    72.0
  ],
  "x_ticks_encrypted": [
    6.0,
    7.0,
    8.0,
    9.0,
    10.0,
    11.0,
    12.0,
    13.0,
    14.0
  ],
  "y_ticks_encrypted": [
    18.0,
    24.75,
    31.5,
    38.25,
    45.0,
    51.75,
    58.5,
    65.25,
    72.0
  ],
  "series_color": {
    "IDN": [
      "#fc8d62"
    ],
    "ESP": [
      "#bcbd22"
    ],
    "IND": [
      "#2ca02c"
    ],
    "ITA": [
      "#e377c2"
    ],
    "EGY": [
      "#1f77b4"
    ],
    "USA": [
      "#ff7f0e"
    ],
    "PAK": [
      "#9467bd"
    ],
    "VNM": [
      "#8c564b"
    ],
    "PHL": [
      "#66c2a5"
    ],
    "THA": [
      "#8da0cb"
    ],
    "DEU": [
      "#7f7f7f"
    ],
    "GBR": [
      "#a6cee3"
    ],
    "UKR": [
      "#e78ac3"
    ],
    "CHN": [
      "#d62728"
    ]
  },
  "label_perturbations": {
    "IDN": [
      {
        "original": [
          567,
          291
        ],
        "dx": 0.1278290884056295,
        "dy": -0.09364297438130104
      }
    ],
    "ESP": [
      {
        "original": [
          567,
          291
        ],
        "dx": 0.1639133263967557,
        "dy": 0.13495445406099865
      }
    ],
    "IND": [
      {
        "original": [
          567,
          291
        ],
        "dx": -0.031028085662864358,
        "dy": -0.12475655696328661
      }
    ],
    "ITA": [
      {
        "original": [
          567,
          291
        ],
        "dx": 0.17361966750577124,
        "dy": -0.1766298897709433
      }
    ],
    "EGY": [
      {
        "original": [
          567,
          291
        ],
        "dx": -0.14664860679394362,
        "dy": 0.17449007857392934
      }
    ],
    "USA": [
      {
        "original": [
          567,
          291
        ],
        "dx": 0.09690998923354976,
        "dy": 0.06744322462311236
      }
    ],
    "PAK": [
      {
        "original": [
          567,
          291
        ],
        "dx": -0.15551498796914417,
        "dy": -0.12983067461558773
      }
    ],
    "VNM": [
      {
        "original": [
          567,
          291
        ],
        "dx": 0.09846953044729861,
        "dy": 0.12899159780323766
      }
    ],
    "PHL": [
      {
        "original": [
          567,
          291
        ],
        "dx": 0.15406045521631162,
        "dy": -0.19245226996101417
      }
    ],
    "THA": [
      {
        "original": [
          567,
          291
        ],
        "dx": 0.11773022627103058,
        "dy": 0.08075746622506336
      }
    ],
    "DEU": [
      {
        "original": [
          567,
          291
        ],
        "dx": 0.19565230859777144,
        "dy": 0.061029422112469756
      }
    ],
    "GBR": [
      {
        "original": [
          567,
          291
        ],
        "dx": 0.011416586959509367,
        "dy": -0.12132374876659538
      }
    ],
    "UKR": [
      {
        "original": [
          567,
          291
        ],
        "dx": 0.010849946475586764,
        "dy": 0.08248827825822047
      }
    ],
    "CHN": [
      {
        "original": [
          567,
          291
        ],
        "dx": -0.04730978600202834,
        "dy": 0.010010654953964554
      }
    ]
  }
}