{
  "chart_id": "scatter_018",
  "title": "Urbanization rate (%) vs Population density",
  "dpi": 200,
  "fig_size": [
    5,
    4
  ],
  "font_size": 8,
  "palette": [
    "#f0c2c2",
    "#6a3d9a",
    "#c2c2f0",
    "#b15928",
    "#cab2d6",
    "#c2f0c2",
    "#fb9a99",
    "#fdbf6f",
    "#33a02c",
    "#b2df8a",
    "#8dd3c7",
    "#ff7f00",
    "#ffb3e6",
    "#ffff99",
    "#e31a1c"
  ],
  "marker": "*",
  "sample_size": 10,
  "point_size_range": [
    30,
    60
  ],
  "x_ticks": [
    54.0,
    60.0,
    66.0,
    72.0,
    78.0
  ],
  "y_ticks": [
    1200.0,
    1410.0,
    1620.0,
    1830.0,
    2040.0
  ],
  "x_ticks_encrypted": [
    54.0,
    57.0,
    60.0,
    63.0,
    66.0,
    69.0,
    72.0,
    75.0,
    78.0
  ],
  "y_ticks_encrypted": [
    1200.0,
    1305.0,
    1410.0,
    1515.0,
    1620.0,
    1725.0,
    1830.0,
    1935.0,
    2040.0
  ],
  "series_color": {
    "ITA": [
      "#b2df8a"
    ],
    "IND": [
      "#ff7f00"
    ],
    "AUS": [
      "#6a3d9a"
    ],
    "KOR": [
      "#c2f0c2"
    ],
    "DEU": [
      "#8dd3c7"
    ],
    "NGA": [
      "#ffff99"
    ],
    "EGY": [
      "#b15928"
    ],
    "IRN": [
      "#ffb3e6"
    ],
    "GBR": [
      "#f0c2c2"
    ],
    "ESP": [
      "#fb9a99"
    ]
  },
  "label_perturbations": {
    "ITA": [
      {
        "original": [
          567,
          141
        ],
        "dx": 0.12773046697993196,
        "dy": -0.15006789117203367
      }
    ],
    "IND": [
      {
        "original": [
          567,
          141
        ],
        "dx": -0.07893545798166897,
        "dy": -0.11449474976433699
      }
    ],
    "AUS": [
      {
        "original": [
          567,
          141
        ],
        "dx": -0.17144544198109762,
        "dy": 0.17482374201423645
      }
    ],
    "KOR": [
      {
        "original": [
          567,
          141
        ],
        "dx": -0.17626817037286027,
        "dy": -0.1448856400762483
      }
    ],
    "DEU": [
      {
        "original": [
          567,
          141
        ],
        "dx": -0.014386372029681904,
        "dy": -0.15487135216771575
      }
    ],
    "NGA": [
      {
        "original": [
          567,
          141
        ],
        "dx": 0.09564695026267844,
        "dy": -0.13673912258963386
      }
    ],
    "EGY": [
      {
        "original": [
          567,
          141
        ],
        "dx": -0.10172020308399952,
        "dy": 0.02193750210167189
      }
    ],
    "IRN": [
      {
        "original": [
          567,
          141
        ],
        "dx": -0.002331480890090637,
        "dy": 0.05955840902139331
      }
    ],
    "GBR": [
      {
        "original": [
          567,
          141
        ],
        "dx": -0.06712672915284928,
        "dy": 0.12719994844693921
      }
    ],
    "ESP": [
      {
        "original": [
          567,
          141
        ],
        "dx": 0.06753424060368662,
        "dy": 0.19853833641120183
      }
    ]
  }
}