{
  "chart_id": "scatter_012",
  "title": "Health expenditure per capita (USD) vs Life expectancy (years)",
  "dpi": 200,
  "fig_size": [
    7,
    5
  ],
  "font_size": 12,
  "palette": [
    "#f0c2c2",
    "#6a3d9a",
    "#c2c2f0",
    "#b15928",
    "#cab2d6",
    "#c2f0c2",
    "#fb9a99",
    "#fdbf6f",
    "#33a02c",
    "#b2df8a",
    "#8dd3c7",
    "#ff7f00",
    "#ffb3e6",
    "#ffff99",
    "#e31a1c"
  ],
  "marker": "D",
  "sample_size": 8,
  "point_size_range": [
    30,
    60
  ],
  "x_ticks": [
    4400.0,
    5250.0,
    6100.0,
    6950.0,
    7800.0
  ],
  "y_ticks": [
    60.0,
    63.5,
    67.0,
    70.5,
    74.0
  ],
  "x_ticks_encrypted": [
    4400.0,
    4825.0,
    5250.0,
    5675.0,
    6100.0,
    6525.0,
    6950.0,
    7375.0,
    7800.0
  ],
  "y_ticks_encrypted": [
    60.0,
    61.75,
    63.5,
    65.25,
    67.0,
    68.75,
    70.5,
    72.25,
    74.0
  ],
  "series_color": {
    "ZAF": [
      "#cab2d6"
    ],
    "DEU": [
      "#c2c2f0"
    ],
    "PAK": [
      "#33a02c"
    ],
    "THA": [
      "#e31a1c"
    ],
    "ITA": [
      "#ffb3e6"
    ],
    "POL": [
      "#b2df8a"
    ],
    "GBR": [
      "#fb9a99"
    ],
    "NGA": [
      "#ff7f00"
    ]
  },
  "label_perturbations": {
    "ZAF": [
      {
        "original": [
          269,
          466
        ],
        "dx": 0.13474804860673845,
        "dy": -0.0035412097958758826
      }
    ],
    "DEU": [
      {
        "original": [
          269,
          466
        ],
        "dx": -0.08286515508769182,
        "dy": -0.10771114202020687
      }
    ],
    "PAK": [
      {
        "original": [
          269,
          466
        ],
        "dx": -0.10754764789119804,
        "dy": 0.1637536664388194
      }
    ],
    "THA": [
      {
        "original": [
          269,
          466
        ],
        "dx": -0.1619385699376779,
        "dy": 0.14270311669534452
      }
    ],
    "ITA": [
      {
        "original": [
          269,
          466
        ],
        "dx": -0.17503095855721804,
        "dy": 0.12050018845200838
      }
    ],
    "POL": [
      {
        "original": [
          269,
          466
        ],
        "dx": 0.011393034774825839,
        "dy": -0.035492465423994535
      }
    ],
    "GBR": [
      {
        "original": [
          269,
          466
        ],
        "dx": -0.013931218026676268,
        "dy": -0.1364241656727813
      }
    ],
    "NGA": [
      {
        "original": [
          269,
          466
        ],
        "dx": 0.12697102384657066,
        "dy": 0.08140633234622002
      }
    ]
  }
}