{
  "chart_id": "scatter_008",
  "title": "Urbanization rate (%) vs Population density",
  "dpi": 200,
  "fig_size": [
    5,
    4
  ],
  "font_size": 12,
  "palette": [
    "#9467bd",
    "#e377c2",
    "#17becf",
    "#66c2a5",
    "#a6cee3",
    "#2ca02c",
    "#d62728",
    "#e78ac3",
    "#1f77b4",
    "#8c564b",
    "#bcbd22",
    "#fc8d62",
    "#8da0cb",
    "#7f7f7f",
    "#ff7f0e"
  ],
  "marker": "o",
  "sample_size": 14,
  "point_size_range": [
    30,
    60
  ],
  "x_ticks": [
    46.0,
    55.5,
    65.0,
    74.5,
    84.0
  ],
  "y_ticks": [
    1060.0,
    1295.0,
    1530.0,
    1765.0,
    2000.0
  ],
  "x_ticks_encrypted": [
    46.0,
    50.75,
    55.5,
    60.25,
    65.0,
    69.75,
    74.5,
    79.25,
    84.0
  ],
  "y_ticks_encrypted": [
    1060.0,
    1177.5,
    1295.0,
    1412.5,
    1530.0,
    1647.5,
    1765.0,
    1882.5,
    2000.0
  ],
  "series_color": {
    "TUR": [
      "#1f77b4"
    ],
    "ZAF": [
      "#d62728"
    ],
    "USA": [
      "#8c564b"
    ],
    "ITA": [
      "#e78ac3"
    ],
    "CHN": [
      "#e377c2"
    ],
    "IDN": [
      "#9467bd"
    ],
    "SAU": [
      "#bcbd22"
    ],
    "EGY": [
      "#7f7f7f"
    ],
    "POL": [
      "#2ca02c"
    ],
    "RUS": [
      "#fc8d62"
    ],
    "NGA": [
      "#a6cee3"
    ],
    "ESP": [
      "#ff7f0e"
    ],
    "IND": [
      "#66c2a5"
    ],
    "GBR": [
      "#17becf"
    ]
  },
  "label_perturbations": {
    "TUR": [
      {
        "original": [
          914,
          534
        ],
        "dx": -0.0591976332535363,
        "dy": 0.19654789962684643
      }
    ],
    "ZAF": [
      {
        "original": [
          914,
          534
        ],
        "dx": 0.11562632373132703,
        "dy": 0.02890773454051304
      }
    ],
    "USA": [
      {
        "original": [
          914,
          534
        ],
        "dx": 0.1945433246329919,
        "dy": 0.07339279149294381
      }
    ],
    "ITA": [
      {
        "original": [
          914,
          534
        ],
        "dx": -0.016379706029985674,
        "dy": -0.03639967308351891
      }
    ],
    "CHN": [
      {
        "original": [
          914,
          534
        ],
        "dx": 0.08168345913568914,
        "dy": -0.14572745638862872
      }
    ],
    "IDN": [
      {
        "original": [
          914,
          534
        ],
        "dx": 0.14221208257457857,
        "dy": -0.026015172145390147
      }
    ],
    "SAU": [
      {
        "original": [
          914,
          534
        ],
        "dx": -0.09140408811409949,
        "dy": 0.16123978473486766
      }
    ],
    "EGY": [
      {
        "original": [
          914,
          534
        ],
        "dx": 0.12586888750724884,
        "dy": 0.062289027472196945
      }
    ],
    "POL": [
      {
        "original": [
          914,
          534
        ],
        "dx": -0.08581591249053605,
        "dy": 0.1422934838123739
      }
    ],
    "RUS": [
      {
        "original": [
          914,
          534
        ],
        "dx": -0.0709341347901149,
        "dy": 0.06249260079175628
      }
    ],
    "NGA": [
      {
        "original": [
          914,
          534
        ],
        "dx": -0.01575106166716006,
        "dy": -0.16124708421616896
      }
    ],
    "ESP": [
      {
        "original": [
          914,
          534
        ],
        "dx": 0.09104336184538514,
        "dy": 0.07327408428879773
      }
    ],
    "IND": [
      {
        "original": [
          914,
          534
        ],
        "dx": -0.051237890854199636,
        "dy": 0.19014229375411323
      }
    ],
    "GBR": [
      {
        "original": [
          914,
          534
        ],
        "dx": 0.07989940591984002,
        "dy": -0.14969213010397417
      }
    ]
  }
}