{
  "chart_id": "scatter_031",
  "title": "CO2 emissions per capita (tons) vs Renewable energy share (%)",
  "dpi": 200,
  "fig_size": [
    7,
    5
  ],
  "font_size": 10,
  "palette": [
    "#f0c2c2",
    "#6a3d9a",
    "#c2c2f0",
    "#b15928",
    "#cab2d6",
    "#c2f0c2",
    "#fb9a99",
    "#fdbf6f",
    "#33a02c",
    "#b2df8a",
    "#8dd3c7",
    "#ff7f00",
    "#ffb3e6",
    "#ffff99",
    "#e31a1c"
  ],
  "marker": "v",
  "sample_size": 8,
  "point_size_range": [
    30,
    60
  ],
  "x_ticks": [
    6.0,
    8.0,
    10.0,
    12.0,
    14.0
  ],
  "y_ticks": [
    26.0,
    35.0,
    44.0,
    53.0,
    62.0
  ],
  "x_ticks_encrypted": [
    6.0,
    7.0,
    8.0,
    9.0,
    10.0,
    11.0,
    12.0,
    13.0,
    14.0
  ],
  "y_ticks_encrypted": [
    26.0,
    30.5,
    35.0,
    39.5,
    44.0,
    48.5,
    53.0,
    57.5,
    62.0
  ],
  "series_color": {
    "KOR": [
      "#6a3d9a"
    ],
    "JPN": [
      "#e31a1c"
    ],
    "FRA": [
      "#f0c2c2"
    ],
    "VNM": [
      "#b2df8a"
    ],
    "ZAF": [
      "#fdbf6f"
    ],
    "TUR": [
      "#ff7f00"
    ],
    "ARG": [
      "#cab2d6"
    ],
    "DEU": [
      "#fb9a99"
    ]
  },
  "label_perturbations": {
    "KOR": [
      {
        "original": [
          1016,
          277
        ],
        "dx": -0.14553063713742875,
        "dy": 0.1761925217608285
      }
    ],
    "JPN": [
      {
        "original": [
          1016,
          277
        ],
        "dx": -0.1379868590759443,
        "dy": 0.08478795347675094
      }
    ],
    "FRA": [
      {
        "original": [
          1016,
          277
        ],
        "dx": -0.16221384624296467,
        "dy": 0.05555959262374144
      }
    ],
    "VNM": [
      {
        "original": [
          1016,
          277
        ],
        "dx": 0.1561389316228547,
        "dy": -0.15692224041236275
      }
    ],
    "ZAF": [
      {
        "original": [
          1016,
          277
        ],
        "dx": 0.1332034997701509,
        "dy": -0.025356738684323782
      }
    ],
    "TUR": [
      {
        "original": [
          1016,
          277
        ],
        "dx": -0.09695849685893797,
        "dy": -0.12492345626901971
      }
    ],
    "ARG": [
      {
        "original": [
          1016,
          277
        ],
        "dx": -0.11389629245851754,
        "dy": -0.12846998561956358
      }
    ],
    "DEU": [
      {
        "original": [
          1016,
          277
        ],
        "dx": -0.06973047044479747,
        "dy": 0.0015656840283859719
      }
    ]
  }
}