{
  "chart_id": "scatter_014",
  "title": "Unemployment rate (%) vs Inflation rate (%)",
  "dpi": 100,
  "fig_size": [
    5,
    4
  ],
  "font_size": 8,
  "palette": [
    "#f0c2c2",
    "#6a3d9a",
    "#c2c2f0",
    "#b15928",
    "#cab2d6",
    "#c2f0c2",
    "#fb9a99",
    "#fdbf6f",
    "#33a02c",
    "#b2df8a",
    "#8dd3c7",
    "#ff7f00",
    "#ffb3e6",
    "#ffff99",
    "#e31a1c"
  ],
  "marker": "D",
  "sample_size": 11,
  "point_size_range": [
    30,
    60
  ],
  "x_ticks": [
    8.0,
    10.0,
    12.0,
    14.0,
    16.0
  ],
  "y_ticks": [
    4.0,
    5.25,
    6.5,
    7.75,
    9.0
  ],
  "x_ticks_encrypted": [
    8.0,
    9.0,
    10.0,
    11.0,
    12.0,
    13.0,
    14.0,
    15.0,
    16.0
  ],
  "y_ticks_encrypted": [
    4.0,
    4.62,
    5.25,
    5.88,
    6.5,
    7.12,
    7.75,
    8.38,
    9.0
  ],
  "series_color": {
    "GBR": [
      "#f0c2c2"
    ],
    "POL": [
      "#33a02c"
    ],
    "UKR": [
      "#b15928"
    ],
    "IND": [
      "#ffb3e6"
    ],
    "JPN": [
      "#cab2d6"
    ],
    "TUR": [
      "#c2c2f0"
    ],
    "ARG": [
      "#fb9a99"
    ],
    "KOR": [
      "#8dd3c7"
    ],
    "COL": [
      "#c2f0c2"
    ],
    "THA": [
      "#ff7f00"
    ],
    "BRA": [
      "#e31a1c"
    ]
  },
  "label_perturbations": {
    "GBR": [
      {
        "original": [
          314,
          131
        ],
        "dx": -0.015869677047877895,
        "dy": 0.06290637628555318
      }
    ],
    "POL": [
      {
        "original": [
          314,
          131
        ],
        "dx": 0.13565204523751367,
        "dy": 0.1585797491835224
      }
    ],
    "UKR": [
      {
        "original": [
          314,
          131
        ],
        "dx": 0.0075314651080594375,
        "dy": 0.04714201154055911
      }
    ],
    "IND": [
      {
        "original": [
          314,
          131
        ],
        "dx": -0.13625624540643533,
        "dy": -0.11548589693323406
      }
    ],
    "JPN": [
      {
        "original": [
          314,
          131
        ],
        "dx": -0.03158722110974935,
        "dy": -0.1986121500253114
      }
    ],
    "TUR": [
      {
        "original": [
          314,
          131
        ],
        "dx": -0.16587336155703977,
        "dy": 0.1305068954236252
      }
    ],
    "ARG": [
      {
        "original": [
          314,
          131
        ],
        "dx": 0.01714512056153067,
        "dy": 0.044318395501679486
      }
    ],
    "KOR": [
      {
        "original": [
          314,
          131
        ],
        "dx": -0.1473979374239249,
        "dy": 0.02636374158057389
      }
    ],
    "COL": [
      {
        "original": [
          314,
          131
        ],
        "dx": 0.030351198141404356,
        "dy": 0.06722866048487314
      }
    ],
    "THA": [
      {
        "original": [
          314,
          131
        ],
        "dx": 0.07614593097344519,
        "dy": 0.19638100650189666
      }
    ],
    "BRA": [
      {
        "original": [
          314,
          131
        ],
        "dx": -0.07268097341522406,
        "dy": -0.12798669275516886
      }
    ]
  }
}