{
  "chart_id": "scatter_082",
  "title": "Health expenditure per capita (USD) vs Life expectancy (years)",
  "dpi": 100,
  "fig_size": [
    5,
    4
  ],
  "font_size": 10,
  "palette": [
    "#9467bd",
    "#e377c2",
    "#17becf",
    "#66c2a5",
    "#a6cee3",
    "#2ca02c",
    "#d62728",
    "#e78ac3",
    "#1f77b4",
    "#8c564b",
    "#bcbd22",
    "#fc8d62",
    "#8da0cb",
    "#7f7f7f",
    "#ff7f0e"
  ],
  "marker": "o",
  "sample_size": 8,
  "point_size_range": [
    30,
    60
  ],
  "x_ticks": [
    3600.0,
    4600.0,
    5600.0,
    6600.0,
    7600.0
  ],
  "y_ticks": [
    62.0,
    65.5,
    69.0,
    72.5,
    76.0
  ],
  "x_ticks_encrypted": [
    3600.0,
    4100.0,
    4600.0,
    5100.0,
    5600.0,
    6100.0,
    6600.0,
    7100.0,
    7600.0
  ],
  "y_ticks_encrypted": [
    62.0,
    63.75,
    65.5,
    67.25,
    69.0,
    70.75,
    72.5,
    74.25,
    76.0
  ],
  "series_color": {
    "COL": [
      "#8c564b"
    ],
    "CHN": [
      "#9467bd"
    ],
    "ZAF": [
      "#17becf"
    ],
    "TUR": [
      "#ff7f0e"
    ],
    "ESP": [
      "#a6cee3"
    ],
    "THA": [
      "#e377c2"
    ],
    "VNM": [
      "#fc8d62"
    ],
    "IND": [
      "#8da0cb"
    ]
  },
  "label_perturbations": {
    "COL": [
      {
        "original": [
          390,
          119
        ],
        "dx": 0.1756599325981153,
        "dy": 0.04473229319428276
      }
    ],
    "CHN": [
      {
        "original": [
          390,
          119
        ],
        "dx": -0.09759003549277963,
        "dy": -0.004612725287718028
      }
    ],
    "ZAF": [
      {
        "original": [
          390,
          119
        ],
        "dx": 0.1392230365416351,
        "dy": -0.13855213889500173
      }
    ],
    "TUR": [
      {
        "original": [
          390,
          119
        ],
        "dx": -0.02037233076640263,
        "dy": 0.14256623877984648
      }
    ],
    "ESP": [
      {
        "original": [
          390,
          119
        ],
        "dx": -0.14470120268762798,
        "dy": 0.11640254192850702
      }
    ],
    "THA": [
      {
        "original": [
          390,
          119
        ],
        "dx": 0.11294848458911749,
        "dy": 0.0804392971103215
      }
    ],
    "VNM": [
      {
        "original": [
          390,
          119
        ],
        "dx": -0.15645520789048917,
        "dy": -0.18906526597226986
      }
    ],
    "IND": [
      {
        "original": [
          390,
          119
        ],
        "dx": 0.1681218190739413,
        "dy": 0.09923939499438494
      }
    ]
  }
}