{
  "chart_id": "scatter_078",
  "title": "Urbanization rate (%) vs Population density",
  "dpi": 200,
  "fig_size": [
    7,
    5
  ],
  "font_size": 10,
  "palette": [
    "#9467bd",
    "#e377c2",
    "#17becf",
    "#66c2a5",
    "#a6cee3",
    "#2ca02c",
    "#d62728",
    "#e78ac3",
    "#1f77b4",
    "#8c564b",
    "#bcbd22",
    "#fc8d62",
    "#8da0cb",
    "#7f7f7f",
    "#ff7f0e"
  ],
  "marker": "^",
  "sample_size": 12,
  "point_size_range": [
    30,
    60
  ],
  "x_ticks": [
    50.0,
    54.0,
    58.0,
    62.0,
    66.0
  ],
  "y_ticks": [
    1060.0,
    1275.0,
    1490.0,
    1705.0,
    1920.0
  ],
  "x_ticks_encrypted": [
    50.0,
    52.0,
    54.0,
    56.0,
    58.0,
    60.0,
    62.0,
    64.0,
    66.0
  ],
  "y_ticks_encrypted": [
    1060.0,
    1167.5,
    1275.0,
    1382.5,
    1490.0,
    1597.5,
    1705.0,
    1812.5,
    1920.0
  ],
  "series_color": {
    "GBR": [
      "#8c564b"
    ],
    "IDN": [
      "#e78ac3"
    ],
    "CHN": [
      "#9467bd"
    ],
    "SAU": [
      "#17becf"
    ],
    "CAN": [
      "#bcbd22"
    ],
    "ESP": [
      "#e377c2"
    ],
    "TUR": [
      "#7f7f7f"
    ],
    "PAK": [
      "#66c2a5"
    ],
    "NGA": [
      "#d62728"
    ],
    "MEX": [
      "#ff7f0e"
    ],
    "THA": [
      "#1f77b4"
    ],
    "FRA": [
      "#a6cee3"
    ]
  },
  "label_perturbations": {
    "GBR": [
      {
        "original": [
          1013,
          500
        ],
        "dx": 0.02029416131600867,
        "dy": -0.10618055218317157
      }
    ],
    "IDN": [
      {
        "original": [
          1013,
          500
        ],
        "dx": 0.16914947686598208,
        "dy": -0.19408179771254877
      }
    ],
    "CHN": [
      {
        "original": [
          1013,
          500
        ],
        "dx": -0.1944220686307713,
        "dy": 0.1824619505848039
      }
    ],
    "SAU": [
      {
        "original": [
          1013,
          500
        ],
        "dx": -0.12256155092110613,
        "dy": -0.03489653866565656
      }
    ],
    "CAN": [
      {
        "original": [
          1013,
          500
        ],
        "dx": 0.0427098075610762,
        "dy": 0.013398094704572039
      }
    ],
    "ESP": [
      {
        "original": [
          1013,
          500
        ],
        "dx": 0.1509553757109905,
        "dy": 0.0860703135289651
      }
    ],
    "TUR": [
      {
        "original": [
          1013,
          500
        ],
        "dx": -0.11828646571801925,
        "dy": -0.15345542714092342
      }
    ],
    "PAK": [
      {
        "original": [
          1013,
          500
        ],
        "dx": -0.156097251802189,
        "dy": 0.04074891391535207
      }
    ],
    "NGA": [
      {
        "original": [
          1013,
          500
        ],
        "dx": 0.1362832780399456,
        "dy": 0.10890735991636952
      }
    ],
    "MEX": [
      {
        "original": [
          1013,
          500
        ],
        "dx": 0.03923441740613476,
        "dy": -0.031085049635885154
      }
    ],
    "THA": [
      {
        "original": [
          1013,
          500
        ],
        "dx": -0.08385488409794682,
        "dy": 0.13752290751494795
      }
    ],
    "FRA": [
      {
        "original": [
          1013,
          500
        ],
        "dx": 0.014425978965720121,
        "dy": 0.08493854308084975
      }
    ]
  }
}