{
  "chart_id": "scatter_039",
  "title": "Working hours/week vs Happiness Index",
  "dpi": 200,
  "fig_size": [
    7,
    5
  ],
  "font_size": 10,
  "palette": [
    "#9467bd",
    "#e377c2",
    "#17becf",
    "#66c2a5",
    "#a6cee3",
    "#2ca02c",
    "#d62728",
    "#e78ac3",
    "#1f77b4",
    "#8c564b",
    "#bcbd22",
    "#fc8d62",
    "#8da0cb",
    "#7f7f7f",
    "#ff7f0e"
  ],
  "marker": "*",
  "sample_size": 9,
  "point_size_range": [
    30,
    60
  ],
  "x_ticks": [
    38.0,
    40.5,
    43.0,
    45.5,
    48.0
  ],
  "y_ticks": [
    4.0,
    4.75,
    5.5,
    6.25,
    7.0
  ],
  "x_ticks_encrypted": [
    38.0,
    39.25,
    40.5,
    41.75,
    43.0,
    44.25,
    45.5,
    46.75,
    48.0
  ],
  "y_ticks_encrypted": [
    4.0,
    4.38,
    4.75,
    5.12,
    5.5,
    5.88,
    6.25,
    6.62,
    7.0
  ],
  "series_color": {
    "ESP": [
      "#fc8d62"
    ],
    "ZAF": [
      "#bcbd22"
    ],
    "USA": [
      "#ff7f0e"
    ],
    "TUR": [
      "#d62728"
    ],
    "BRA": [
      "#e377c2"
    ],
    "AUS": [
      "#8da0cb"
    ],
    "SAU": [
      "#7f7f7f"
    ],
    "MEX": [
      "#2ca02c"
    ],
    "DEU": [
      "#a6cee3"
    ]
  },
  "label_perturbations": {
    "ESP": [
      {
        "original": [
          573,
          342
        ],
        "dx": -0.08616660339021172,
        "dy": 0.10375569658438177
      }
    ],
    "ZAF": [
      {
        "original": [
          573,
          342
        ],
        "dx": 0.0011504714408429317,
        "dy": 0.024754257545297087
      }
    ],
    "USA": [
      {
        "original": [
          573,
          342
        ],
        "dx": -0.15564995774272583,
        "dy": -0.08685550658372657
      }
    ],
    "TUR": [
      {
        "original": [
          573,
          342
        ],
        "dx": 0.051691319579819095,
        "dy": 0.010657726587281646
      }
    ],
    "BRA": [
      {
        "original": [
          573,
          342
        ],
        "dx": -0.16900548133171622,
        "dy": 0.00020080443530073877
      }
    ],
    "AUS": [
      {
        "original": [
          573,
          342
        ],
        "dx": 0.18339985846460294,
        "dy": -0.0273956823742329
      }
    ],
    "SAU": [
      {
        "original": [
          573,
          342
        ],
        "dx": 0.011975037663373989,
        "dy": 0.0024903974443163945
      }
    ],
    "MEX": [
      {
        "original": [
          573,
          342
        ],
        "dx": -0.10571902978132859,
        "dy": -0.17523034178373625
      }
    ],
    "DEU": [
      {
        "original": [
          573,
          342
        ],
        "dx": 0.18237811605220866,
        "dy": 0.15237078727879932
      }
    ]
  }
}