{
  "chart_id": "scatter_020",
  "title": "GDP per capita (USD) vs Life expectancy (years)",
  "dpi": 200,
  "fig_size": [
    7,
    5
  ],
  "font_size": 8,
  "palette": [
    "#9467bd",
    "#e377c2",
    "#17becf",
    "#66c2a5",
    "#a6cee3",
    "#2ca02c",
    "#d62728",
    "#e78ac3",
    "#1f77b4",
    "#8c564b",
    "#bcbd22",
    "#fc8d62",
    "#8da0cb",
    "#7f7f7f",
    "#ff7f0e"
  ],
  "marker": "v",
  "sample_size": 10,
  "point_size_range": [
    30,
    60
  ],
  "x_ticks": [
    32000.0,
    38000.0,
    44000.0,
    50000.0,
    56000.0
  ],
  "y_ticks": [
    60.0,
    63.5,
    67.0,
    70.5,
    74.0
  ],
  "x_ticks_encrypted": [
    32000.0,
    35000.0,
    38000.0,
    41000.0,
    44000.0,
    47000.0,
    50000.0,
    53000.0,
    56000.0
  ],
  "y_ticks_encrypted": [
    60.0,
    61.75,
    63.5,
    65.25,
    67.0,
    68.75,
    70.5,
    72.25,
    74.0
  ],
  "series_color": {
    "UKR": [
      "#d62728"
    ],
    "VNM": [
      "#9467bd"
    ],
    "POL": [
      "#17becf"
    ],
    "SAU": [
      "#a6cee3"
    ],
    "BRA": [
      "#ff7f0e"
    ],
    "EGY": [
      "#1f77b4"
    ],
    "ITA": [
      "#e78ac3"
    ],
    "USA": [
      "#7f7f7f"
    ],
    "DEU": [
      "#e377c2"
    ],
    "PAK": [
      "#fc8d62"
    ]
  },
  "label_perturbations": {
    "UKR": [
      {
        "original": [
          562,
          177
        ],
        "dx": -0.08146511707317612,
        "dy": -0.06016017235098206
      }
    ],
    "VNM": [
      {
        "original": [
          562,
          177
        ],
        "dx": -0.17425235539023154,
        "dy": 0.17723195864941
      }
    ],
    "POL": [
      {
        "original": [
          562,
          177
        ],
        "dx": 0.016381145320813667,
        "dy": -0.05222710960397722
      }
    ],
    "SAU": [
      {
        "original": [
          562,
          177
        ],
        "dx": 0.14967948182490626,
        "dy": 0.0019737701137339803
      }
    ],
    "BRA": [
      {
        "original": [
          562,
          177
        ],
        "dx": -0.003939481352116664,
        "dy": -0.18501611046300584
      }
    ],
    "EGY": [
      {
        "original": [
          562,
          177
        ],
        "dx": 0.15914656942171174,
        "dy": 0.18465825616774995
      }
    ],
    "ITA": [
      {
        "original": [
          562,
          177
        ],
        "dx": 0.03481694762361204,
        "dy": -0.05262737587634905
      }
    ],
    "USA": [
      {
        "original": [
          562,
          177
        ],
        "dx": 0.19856056369117864,
        "dy": 0.11130840237841577
      }
    ],
    "DEU": [
      {
        "original": [
          562,
          177
        ],
        "dx": -0.02377107168507292,
        "dy": 0.030219193176708542
      }
    ],
    "PAK": [
      {
        "original": [
          562,
          177
        ],
        "dx": 0.05299674906389873,
        "dy": -0.05366428951485275
      }
    ]
  }
}