{
  "chart_id": "scatter_043",
  "title": "Literacy rate (%) vs Education spending (% of GDP)",
  "dpi": 100,
  "fig_size": [
    7,
    5
  ],
  "font_size": 8,
  "palette": [
    "#9467bd",
    "#e377c2",
    "#17becf",
    "#66c2a5",
    "#a6cee3",
    "#2ca02c",
    "#d62728",
    "#e78ac3",
    "#1f77b4",
    "#8c564b",
    "#bcbd22",
    "#fc8d62",
    "#8da0cb",
    "#7f7f7f",
    "#ff7f0e"
  ],
  "marker": "v",
  "sample_size": 9,
  "point_size_range": [
    30,
    60
  ],
  "x_ticks": [
    72.0,
    75.0,
    78.0,
    81.0,
    84.0
  ],
  "y_ticks": [
    3.0,
    4.0,
    5.0,
    6.0,
    7.0
  ],
  "x_ticks_encrypted": [
    72.0,
    73.5,
    75.0,
    76.5,
    78.0,
    79.5,
    81.0,
    82.5,
    84.0
  ],
  "y_ticks_encrypted": [
    3.0,
    3.5,
    4.0,
    4.5,
    5.0,
    5.5,
    6.0,
    6.5,
    7.0
  ],
  "series_color": {
    "POL": [
      "#bcbd22"
    ],
    "AUS": [
      "#d62728"
    ],
    "USA": [
      "#1f77b4"
    ],
    "CAN": [
      "#ff7f0e"
    ],
    "DEU": [
      "#17becf"
    ],
    "COL": [
      "#9467bd"
    ],
    "GBR": [
      "#8c564b"
    ],
    "ESP": [
      "#2ca02c"
    ],
    "NGA": [
      "#7f7f7f"
    ]
  },
  "label_perturbations": {
    "POL": [
      {
        "original": [
          640,
          293
        ],
        "dx": -0.03408209689863986,
        "dy": -0.05067312060327031
      }
    ],
    "AUS": [
      {
        "original": [
          640,
          293
        ],
        "dx": -0.0776594481263774,
        "dy": 0.054249508528053936
      }
    ],
    "USA": [
      {
        "original": [
          640,
          293
        ],
        "dx": -0.02328351079493851,
        "dy": -0.1602471670537589
      }
    ],
    "CAN": [
      {
        "original": [
          640,
          293
        ],
        "dx": 0.12132130392622298,
        "dy": -0.01774904638559885
      }
    ],
    "DEU": [
      {
        "original": [
          640,
          293
        ],
        "dx": -0.06157784779776185,
        "dy": 0.1186842902261524
      }
    ],
    "COL": [
      {
        "original": [
          640,
          293
        ],
        "dx": -0.14307199679087035,
        "dy": -0.035458158978584675
      }
    ],
    "GBR": [
      {
        "original": [
          640,
          293
        ],
        "dx": -0.021571778220366905,
        "dy": -0.004449546427060941
      }
    ],
    "ESP": [
      {
        "original": [
          640,
          293
        ],
        "dx": -0.009616213450737765,
        "dy": -0.04741071979758135
      }
    ],
    "NGA": [
      {
        "original": [
          640,
          293
        ],
        "dx": -0.153860940668314,
        "dy": 0.1581813583935922
      }
    ]
  }
}