{
  "chart_id": "scatter_001",
  "title": "CO2 emissions per capita (tons) vs Renewable energy share (%)",
  "dpi": 200,
  "fig_size": [
    7,
    5
  ],
  "font_size": 10,
  "palette": [
    "#9467bd",
    "#e377c2",
    "#17becf",
    "#66c2a5",
    "#a6cee3",
    "#2ca02c",
    "#d62728",
    "#e78ac3",
    "#1f77b4",
    "#8c564b",
    "#bcbd22",
    "#fc8d62",
    "#8da0cb",
    "#7f7f7f",
    "#ff7f0e"
  ],
  "marker": "^",
  "sample_size": 10,
  "point_size_range": [
    30,
    60
  ],
  "x_ticks": [
    8.0,
    9.25,
    10.5,
    11.75,
    13.0
  ],
  "y_ticks": [
    30.0,
    37.5,
    45.0,
    52.5,
    60.0
  ],
  "x_ticks_encrypted": [
    8.0,
    8.62,
    9.25,
    9.88,
    10.5,
    11.12,
    11.75,
    12.38,
    13.0
  ],
  "y_ticks_encrypted": [
    30.0,
    33.75,
    37.5,
    41.25,
    45.0,
    48.75,
    52.5,
    56.25,
    60.0
  ],
  "series_color": {
    "EGY": [
      "#17becf"
    ],
    "ARG": [
      "#fc8d62"
    ],
    "POL": [
      "#e377c2"
    ],
    "COL": [
      "#d62728"
    ],
    "ITA": [
      "#1f77b4"
    ],
    "DEU": [
      "#a6cee3"
    ],
    "ZAF": [
      "#9467bd"
    ],
    "BRA": [
      "#66c2a5"
    ],
    "IDN": [
      "#bcbd22"
    ],
    "RUS": [
      "#7f7f7f"
    ]
  },
  "label_perturbations": {
    "EGY": [
      {
        "original": [
          258,
          389
        ],
        "dx": 0.11174168301694193,
        "dy": 0.08375551076326182
      }
    ],
    "ARG": [
      {
        "original": [
          258,
          389
        ],
        "dx": -0.16746641266821793,
        "dy": 0.020803825339481247
      }
    ],
    "POL": [
      {
        "original": [
          258,
          389
        ],
        "dx": 0.1291013544161546,
        "dy": -0.016996573022930977
      }
    ],
    "COL": [
      {
        "original": [
          258,
          389
        ],
        "dx": 0.09388118839083431,
        "dy": -0.19437991622334075
      }
    ],
    "ITA": [
      {
        "original": [
          258,
          389
        ],
        "dx": 0.08449239308939449,
        "dy": -0.16186622718257807
      }
    ],
    "DEU": [
      {
        "original": [
          258,
          389
        ],
        "dx": -0.05149696585693117,
        "dy": 0.1442902887675035
      }
    ],
    "ZAF": [
      {
        "original": [
          258,
          389
        ],
        "dx": 0.05096800201108398,
        "dy": -0.046711157543589454
      }
    ],
    "BRA": [
      {
        "original": [
          258,
          389
        ],
        "dx": -0.08724667772578756,
        "dy": 0.056168528428417686
      }
    ],
    "IDN": [
      {
        "original": [
          258,
          389
        ],
        "dx": -0.05369283465582836,
        "dy": -0.053196704008187684
      }
    ],
    "RUS": [
      {
        "original": [
          258,
          389
        ],
        "dx": 0.03151910488135928,
        "dy": -0.05923846683108944
      }
    ]
  }
}