{
  "chart_id": "scatter_092",
  "title": "Health expenditure per capita (USD) vs Life expectancy (years)",
  "dpi": 100,
  "fig_size": [
    7,
    5
  ],
  "font_size": 10,
  "palette": [
    "#f0c2c2",
    "#6a3d9a",
    "#c2c2f0",
    "#b15928",
    "#cab2d6",
    "#c2f0c2",
    "#fb9a99",
    "#fdbf6f",
    "#33a02c",
    "#b2df8a",
    "#8dd3c7",
    "#ff7f00",
    "#ffb3e6",
    "#ffff99",
    "#e31a1c"
  ],
  "marker": "o",
  "sample_size": 11,
  "point_size_range": [
    30,
    60
  ],
  "x_ticks": [
    4200.0,
    5300.0,
    6400.0,
    7500.0,
    8600.0
  ],
  "y_ticks": [
    58.0,
    61.0,
    64.0,
    67.0,
    70.0
  ],
  "x_ticks_encrypted": [
    4200.0,
    4750.0,
    5300.0,
    5850.0,
    6400.0,
    6950.0,
    7500.0,
    8050.0,
    8600.0
  ],
  "y_ticks_encrypted": [
    58.0,
    59.5,
    61.0,
    62.5,
    64.0,
    65.5,
    67.0,
    68.5,
    70.0
  ],
  "series_color": {
    "ITA": [
      "#e31a1c"
    ],
    "FRA": [
      "#b2df8a"
    ],
    "ESP": [
      "#c2c2f0"
    ],
    "AUS": [
      "#fb9a99"
    ],
    "EGY": [
      "#ff7f00"
    ],
    "CAN": [
      "#6a3d9a"
    ],
    "PHL": [
      "#cab2d6"
    ],
    "THA": [
      "#fdbf6f"
    ],
    "MEX": [
      "#b15928"
    ],
    "ZAF": [
      "#ffb3e6"
    ],
    "USA": [
      "#8dd3c7"
    ]
  },
  "label_perturbations": {
    "ITA": [
      {
        "original": [
          308,
          90
        ],
        "dx": -0.10198174645844538,
        "dy": 0.08367647995518002
      }
    ],
    "FRA": [
      {
        "original": [
          308,
          90
        ],
        "dx": -0.03960411368570882,
        "dy": 0.03832482469372475
      }
    ],
    "ESP": [
      {
        "original": [
          308,
          90
        ],
        "dx": 0.11953518585594902,
        "dy": -0.15257954711777605
      }
    ],
    "AUS": [
      {
        "original": [
          308,
          90
        ],
        "dx": -0.012595583523959453,
        "dy": -0.08749782044042438
      }
    ],
    "EGY": [
      {
        "original": [
          308,
          90
        ],
        "dx": 0.07709091201074564,
        "dy": -0.05308530131049713
      }
    ],
    "CAN": [
      {
        "original": [
          308,
          90
        ],
        "dx": -0.13450670592494685,
        "dy": -0.09189119066553042
      }
    ],
    "PHL": [
      {
        "original": [
          308,
          90
        ],
        "dx": -0.04577157176236005,
        "dy": -0.07370430592504024
      }
    ],
    "THA": [
      {
        "original": [
          308,
          90
        ],
        "dx": -0.09210692581128024,
        "dy": -0.16655547725955966
      }
    ],
    "MEX": [
      {
        "original": [
          308,
          90
        ],
        "dx": -0.0361851333876988,
        "dy": -0.09656491288218949
      }
    ],
    "ZAF": [
      {
        "original": [
          308,
          90
        ],
        "dx": -0.03068533964442094,
        "dy": -0.012074952972737585
      }
    ],
    "USA": [
      {
        "original": [
          308,
          90
        ],
        "dx": -0.13171907090141838,
        "dy": -0.043238661601564615
      }
    ]
  }
}