{
  "chart_id": "scatter_050",
  "title": "GDP per capita (USD) vs Life expectancy (years)",
  "dpi": 100,
  "fig_size": [
    5,
    4
  ],
  "font_size": 8,
  "palette": [
    "#f0c2c2",
    "#6a3d9a",
    "#c2c2f0",
    "#b15928",
    "#cab2d6",
    "#c2f0c2",
    "#fb9a99",
    "#fdbf6f",
    "#33a02c",
    "#b2df8a",
    "#8dd3c7",
    "#ff7f00",
    "#ffb3e6",
    "#ffff99",
    "#e31a1c"
  ],
  "marker": "D",
  "sample_size": 8,
  "point_size_range": [
    30,
    60
  ],
  "x_ticks": [
    28000.0,
    35500.0,
    43000.0,
    50500.0,
    58000.0
  ],
  "y_ticks": [
    60.0,
    63.5,
    67.0,
    70.5,
    74.0
  ],
  "x_ticks_encrypted": [
    28000.0,
    31750.0,
    35500.0,
    39250.0,
    43000.0,
    46750.0,
    50500.0,
    54250.0,
    58000.0
  ],
  "y_ticks_encrypted": [
    60.0,
    61.75,
    63.5,
    65.25,
    67.0,
    68.75,
    70.5,
    72.25,
    74.0
  ],
  "series_color": {
    "BRA": [
      "#ff7f00"
    ],
    "TUR": [
      "#b2df8a"
    ],
    "THA": [
      "#ffff99"
    ],
    "VNM": [
      "#f0c2c2"
    ],
    "CHN": [
      "#fb9a99"
    ],
    "KOR": [
      "#b15928"
    ],
    "IDN": [
      "#fdbf6f"
    ],
    "FRA": [
      "#33a02c"
    ]
  },
  "label_perturbations": {
    "BRA": [
      {
        "original": [
          294,
          88
        ],
        "dx": 0.1435751434837682,
        "dy": -0.018614278238506587
      }
    ],
    "TUR": [
      {
        "original": [
          294,
          88
        ],
        "dx": 0.0219097287623414,
        "dy": -0.08257057488436602
      }
    ],
    "THA": [
      {
        "original": [
          294,
          88
        ],
        "dx": -0.0326576098571926,
        "dy": -0.034202044796535075
      }
    ],
    "VNM": [
      {
        "original": [
          294,
          88
        ],
        "dx": 0.004287699819042645,
        "dy": -0.028311701469038025
      }
    ],
    "CHN": [
      {
        "original": [
          294,
          88
        ],
        "dx": -0.028926691539258476,
        "dy": -0.1501895494194646
      }
    ],
    "KOR": [
      {
        "original": [
          294,
          88
        ],
        "dx": 0.11312755308058908,
        "dy": -0.16823218927588923
      }
    ],
    "IDN": [
      {
        "original": [
          294,
          88
        ],
        "dx": 0.04284812762083487,
        "dy": -0.145705284458008
      }
    ],
    "FRA": [
      {
        "original": [
          294,
          88
        ],
        "dx": 0.01063170696505017,
        "dy": 0.1681939120940687
      }
    ]
  }
}