{
  "chart_id": "scatter_036",
  "title": "R&D spending (% of GDP) vs Patent applications",
  "dpi": 200,
  "fig_size": [
    7,
    5
  ],
  "font_size": 10,
  "palette": [
    "#f0c2c2",
    "#6a3d9a",
    "#c2c2f0",
    "#b15928",
    "#cab2d6",
    "#c2f0c2",
    "#fb9a99",
    "#fdbf6f",
    "#33a02c",
    "#b2df8a",
    "#8dd3c7",
    "#ff7f00",
    "#ffb3e6",
    "#ffff99",
    "#e31a1c"
  ],
  "marker": "*",
  "sample_size": 9,
  "point_size_range": [
    30,
    60
  ],
  "x_ticks": [
    1.0,
    1.75,
    2.5,
    3.25,
    4.0
  ],
  "y_ticks": [
    8000.0,
    11000.0,
    14000.0,
    17000.0,
    20000.0
  ],
  "x_ticks_encrypted": [
    1.0,
    1.38,
    1.75,
    2.12,
    2.5,
    2.88,
    3.25,
    3.62,
    4.0
  ],
  "y_ticks_encrypted": [
    8000.0,
    9500.0,
    11000.0,
    12500.0,
    14000.0,
    15500.0,
    17000.0,
    18500.0,
    20000.0
  ],
  "series_color": {
    "IRN": [
      "#fdbf6f"
    ],
    "MEX": [
      "#ffff99"
    ],
    "KOR": [
      "#ff7f00"
    ],
    "CHN": [
      "#b15928"
    ],
    "BRA": [
      "#6a3d9a"
    ],
    "TUR": [
      "#b2df8a"
    ],
    "IDN": [
      "#c2c2f0"
    ],
    "RUS": [
      "#fb9a99"
    ],
    "DEU": [
      "#e31a1c"
    ]
  },
  "label_perturbations": {
    "IRN": [
      {
        "original": [
          882,
          497
        ],
        "dx": -0.04457781636711383,
        "dy": -0.1482563681417144
      }
    ],
    "MEX": [
      {
        "original": [
          882,
          497
        ],
        "dx": -0.15879533530964884,
        "dy": 0.1075752542972302
      }
    ],
    "KOR": [
      {
        "original": [
          882,
          497
        ],
        "dx": 0.08010265768999447,
        "dy": 0.12377367309716586
      }
    ],
    "CHN": [
      {
        "original": [
          882,
          497
        ],
        "dx": -0.1783752198773506,
        "dy": -0.17755086039255585
      }
    ],
    "BRA": [
      {
        "original": [
          882,
          497
        ],
        "dx": -0.02070213132178514,
        "dy": 0.18423742285699574
      }
    ],
    "TUR": [
      {
        "original": [
          882,
          497
        ],
        "dx": 0.008500758521160057,
        "dy": 0.1449996280832611
      }
    ],
    "IDN": [
      {
        "original": [
          882,
          497
        ],
        "dx": -0.09395691909573861,
        "dy": 0.015701626037400856
      }
    ],
    "RUS": [
      {
        "original": [
          882,
          497
        ],
        "dx": -0.08517127079105223,
        "dy": -0.019041837824583047
      }
    ],
    "DEU": [
      {
        "original": [
          882,
          497
        ],
        "dx": -0.06192260807014344,
        "dy": 0.13400669290539152
      }
    ]
  }
}