{
  "chart_id": "scatter_094",
  "title": "Unemployment rate (%) vs Inflation rate (%)",
  "dpi": 200,
  "fig_size": [
    7,
    5
  ],
  "font_size": 10,
  "palette": [
    "#9467bd",
    "#e377c2",
    "#17becf",
    "#66c2a5",
    "#a6cee3",
    "#2ca02c",
    "#d62728",
    "#e78ac3",
    "#1f77b4",
    "#8c564b",
    "#bcbd22",
    "#fc8d62",
    "#8da0cb",
    "#7f7f7f",
    "#ff7f0e"
  ],
  "marker": "o",
  "sample_size": 10,
  "point_size_range": [
    30,
    60
  ],
  "x_ticks": [
    10.0,
    12.0,
    14.0,
    16.0,
    18.0
  ],
  "y_ticks": [
    2.0,
    4.0,
    6.0,
    8.0,
    10.0
  ],
  "x_ticks_encrypted": [
    10.0,
    11.0,
    12.0,
    13.0,
    14.0,
    15.0,
    16.0,
    17.0,
    18.0
  ],
  "y_ticks_encrypted": [
    2.0,
    3.0,
    4.0,
    5.0,
    6.0,
    7.0,
    8.0,
    9.0,
    10.0
  ],
  "series_color": {
    "FRA": [
      "#66c2a5"
    ],
    "ESP": [
      "#d62728"
    ],
    "MEX": [
      "#e78ac3"
    ],
    "CAN": [
      "#ff7f0e"
    ],
    "PHL": [
      "#2ca02c"
    ],
    "CHN": [
      "#9467bd"
    ],
    "GBR": [
      "#fc8d62"
    ],
    "RUS": [
      "#e377c2"
    ],
    "USA": [
      "#17becf"
    ],
    "ARG": [
      "#7f7f7f"
    ]
  },
  "label_perturbations": {
    "FRA": [
      {
        "original": [
          1065,
          193
        ],
        "dx": -0.06584859779012678,
        "dy": 0.17170528565163806
      }
    ],
    "ESP": [
      {
        "original": [
          1065,
          193
        ],
        "dx": -0.13185958034428738,
        "dy": 0.16234433493732559
      }
    ],
    "MEX": [
      {
        "original": [
          1065,
          193
        ],
        "dx": 0.09852700506892192,
        "dy": 0.1596205680095546
      }
    ],
    "CAN": [
      {
        "original": [
          1065,
          193
        ],
        "dx": 0.04038299528094674,
        "dy": -0.01906119564686143
      }
    ],
    "PHL": [
      {
        "original": [
          1065,
          193
        ],
        "dx": -0.11209068580832944,
        "dy": 0.0770859285515168
      }
    ],
    "CHN": [
      {
        "original": [
          1065,
          193
        ],
        "dx": -0.035526299708895426,
        "dy": 0.01970264122493387
      }
    ],
    "GBR": [
      {
        "original": [
          1065,
          193
        ],
        "dx": 0.16218218323183464,
        "dy": 0.024604745049561838
      }
    ],
    "RUS": [
      {
        "original": [
          1065,
          193
        ],
        "dx": 0.15561607788317272,
        "dy": -0.17000298027393757
      }
    ],
    "USA": [
      {
        "original": [
          1065,
          193
        ],
        "dx": 0.11883827763970517,
        "dy": -0.14523136715764706
      }
    ],
    "ARG": [
      {
        "original": [
          1065,
          193
        ],
        "dx": -0.08900279215625018,
        "dy": 0.1854237891295909
      }
    ]
  }
}