{
  "chart_id": "scatter_052",
  "title": "Health expenditure per capita (USD) vs Life expectancy (years)",
  "dpi": 100,
  "fig_size": [
    7,
    5
  ],
  "font_size": 12,
  "palette": [
    "#f0c2c2",
    "#6a3d9a",
    "#c2c2f0",
    "#b15928",
    "#cab2d6",
    "#c2f0c2",
    "#fb9a99",
    "#fdbf6f",
    "#33a02c",
    "#b2df8a",
    "#8dd3c7",
    "#ff7f00",
    "#ffb3e6",
    "#ffff99",
    "#e31a1c"
  ],
  "marker": "*",
  "sample_size": 9,
  "point_size_range": [
    30,
    60
  ],
  "x_ticks": [
    4800.0,
    5950.0,
    7100.0,
    8250.0,
    9400.0
  ],
  "y_ticks": [
    58.0,
    62.0,
    66.0,
    70.0,
    74.0
  ],
  "x_ticks_encrypted": [
    4800.0,
    5375.0,
    5950.0,
    6525.0,
    7100.0,
    7675.0,
    8250.0,
    8825.0,
    9400.0
  ],
  "y_ticks_encrypted": [
    58.0,
    60.0,
    62.0,
    64.0,
    66.0,
    68.0,
    70.0,
    72.0,
    74.0
  ],
  "series_color": {
    "JPN": [
      "#fdbf6f"
    ],
    "BRA": [
      "#e31a1c"
    ],
    "CAN": [
      "#b15928"
    ],
    "COL": [
      "#ff7f00"
    ],
    "ARG": [
      "#c2f0c2"
    ],
    "USA": [
      "#f0c2c2"
    ],
    "FRA": [
      "#6a3d9a"
    ],
    "NGA": [
      "#ffb3e6"
    ],
    "VNM": [
      "#ffff99"
    ]
  },
  "label_perturbations": {
    "JPN": [
      {
        "original": [
          448,
          196
        ],
        "dx": -0.1079003271180946,
        "dy": -0.07160268600472341
      }
    ],
    "BRA": [
      {
        "original": [
          448,
          196
        ],
        "dx": -0.1463611986371586,
        "dy": -0.19430295072525286
      }
    ],
    "CAN": [
      {
        "original": [
          448,
          196
        ],
        "dx": -0.024686135298832068,
        "dy": -0.08517014572551457
      }
    ],
    "COL": [
      {
        "original": [
          448,
          196
        ],
        "dx": 0.05948655049799262,
        "dy": 0.13772450096594085
      }
    ],
    "ARG": [
      {
        "original": [
          448,
          196
        ],
        "dx": -0.008478656544614827,
        "dy": -0.1291819443102284
      }
    ],
    "USA": [
      {
        "original": [
          448,
          196
        ],
        "dx": -0.13679189958152776,
        "dy": -0.18133159027207843
      }
    ],
    "FRA": [
      {
        "original": [
          448,
          196
        ],
        "dx": -0.12193955933661052,
        "dy": -0.1450684625912198
      }
    ],
    "NGA": [
      {
        "original": [
          448,
          196
        ],
        "dx": -0.1867289413785673,
        "dy": -0.04674776616900106
      }
    ],
    "VNM": [
      {
        "original": [
          448,
          196
        ],
        "dx": -0.1974927258191242,
        "dy": 0.18353715204819138
      }
    ]
  }
}