{
  "chart_id": "scatter_000",
  "title": "GDP per capita (USD) vs Life expectancy (years)",
  "dpi": 200,
  "fig_size": [
    5,
    4
  ],
  "font_size": 12,
  "palette": [
    "#f0c2c2",
    "#6a3d9a",
    "#c2c2f0",
    "#b15928",
    "#cab2d6",
    "#c2f0c2",
    "#fb9a99",
    "#fdbf6f",
    "#33a02c",
    "#b2df8a",
    "#8dd3c7",
    "#ff7f00",
    "#ffb3e6",
    "#ffff99",
    "#e31a1c"
  ],
  "marker": "s",
  "sample_size": 8,
  "point_size_range": [
    30,
    60
  ],
  "x_ticks": [
    26000.0,
    32000.0,
    38000.0,
    44000.0,
    50000.0
  ],
  "y_ticks": [
    62.0,
    64.5,
    67.0,
    69.5,
    72.0
  ],
  "x_ticks_encrypted": [
    26000.0,
    29000.0,
    32000.0,
    35000.0,
    38000.0,
    41000.0,
    44000.0,
    47000.0,
    50000.0
  ],
  "y_ticks_encrypted": [
    62.0,
    63.25,
    64.5,
    65.75,
    67.0,
    68.25,
    69.5,
    70.75,
    72.0
  ],
  "series_color": {
    "JPN": [
      "#cab2d6"
    ],
    "CHN": [
      "#33a02c"
    ],
    "THA": [
      "#ffff99"
    ],
    "ITA": [
      "#fb9a99"
    ],
    "FRA": [
      "#8dd3c7"
    ],
    "COL": [
      "#ffb3e6"
    ],
    "TUR": [
      "#e31a1c"
    ],
    "NGA": [
      "#b15928"
    ]
  },
  "label_perturbations": {
    "JPN": [
      {
        "original": [
          186,
          239
        ],
        "dx": 0.008978872301098756,
        "dy": -0.19610705877885426
      }
    ],
    "CHN": [
      {
        "original": [
          186,
          239
        ],
        "dx": 0.04078142619733213,
        "dy": -0.196706641017376
      }
    ],
    "THA": [
      {
        "original": [
          186,
          239
        ],
        "dx": 0.15436616870835768,
        "dy": -0.0762345280069142
      }
    ],
    "ITA": [
      {
        "original": [
          186,
          239
        ],
        "dx": 0.0449426588055101,
        "dy": 0.09002940629861256
      }
    ],
    "FRA": [
      {
        "original": [
          186,
          239
        ],
        "dx": -0.15105895297969202,
        "dy": 0.08928168922279134
      }
    ],
    "COL": [
      {
        "original": [
          186,
          239
        ],
        "dx": -0.19765365902405585,
        "dy": -0.004622861512766668
      }
    ],
    "TUR": [
      {
        "original": [
          186,
          239
        ],
        "dx": -0.11069391264071911,
        "dy": -0.19985842877674345
      }
    ],
    "NGA": [
      {
        "original": [
          186,
          239
        ],
        "dx": 0.07313958364372658,
        "dy": 0.1861471622084418
      }
    ]
  }
}