{
  "chart_id": "scatter_086",
  "title": "R&D spending (% of GDP) vs Patent applications",
  "dpi": 100,
  "fig_size": [
    5,
    4
  ],
  "font_size": 8,
  "palette": [
    "#9467bd",
    "#e377c2",
    "#17becf",
    "#66c2a5",
    "#a6cee3",
    "#2ca02c",
    "#d62728",
    "#e78ac3",
    "#1f77b4",
    "#8c564b",
    "#bcbd22",
    "#fc8d62",
    "#8da0cb",
    "#7f7f7f",
    "#ff7f0e"
  ],
  "marker": "v",
  "sample_size": 14,
  "point_size_range": [
    30,
    60
  ],
  "x_ticks": [
    1.0,
    1.75,
    2.5,
    3.25,
    4.0
  ],
  "y_ticks": [
    9000.0,
    10650.0,
    12300.0,
    13950.0,
    15600.0
  ],
  "x_ticks_encrypted": [
    1.0,
    1.38,
    1.75,
    2.12,
    2.5,
    2.88,
    3.25,
    3.62,
    4.0
  ],
  "y_ticks_encrypted": [
    9000.0,
    9825.0,
    10650.0,
    11475.0,
    12300.0,
    13125.0,
    13950.0,
    14775.0,
    15600.0
  ],
  "series_color": {
    "SAU": [
      "#e78ac3"
    ],
    "FRA": [
      "#2ca02c"
    ],
    "POL": [
      "#1f77b4"
    ],
    "TUR": [
      "#17becf"
    ],
    "USA": [
      "#8da0cb"
    ],
    "RUS": [
      "#a6cee3"
    ],
    "IDN": [
      "#ff7f0e"
    ],
    "COL": [
      "#9467bd"
    ],
    "VNM": [
      "#8c564b"
    ],
    "PHL": [
      "#d62728"
    ],
    "ARG": [
      "#66c2a5"
    ],
    "IRN": [
      "#fc8d62"
    ],
    "IND": [
      "#bcbd22"
    ],
    "ESP": [
      "#e377c2"
    ]
  },
  "label_perturbations": {
    "SAU": [
      {
        "original": [
          276,
          264
        ],
        "dx": -0.04416420454269576,
        "dy": 0.026687203300042622
      }
    ],
    "FRA": [
      {
        "original": [
          276,
          264
        ],
        "dx": 0.02363555089500538,
        "dy": 0.05840287111808967
      }
    ],
    "POL": [
      {
        "original": [
          276,
          264
        ],
        "dx": -0.17299442975628943,
        "dy": -0.1788293384834776
      }
    ],
    "TUR": [
      {
        "original": [
          276,
          264
        ],
        "dx": 0.19162391986768407,
        "dy": 0.049085870507343504
      }
    ],
    "USA": [
      {
        "original": [
          276,
          264
        ],
        "dx": -0.04109407922392161,
        "dy": 0.13386519000707697
      }
    ],
    "RUS": [
      {
        "original": [
          276,
          264
        ],
        "dx": 0.10273552017865678,
        "dy": -0.053191577097485704
      }
    ],
    "IDN": [
      {
        "original": [
          276,
          264
        ],
        "dx": -0.1035999629207344,
        "dy": -0.1859422616719002
      }
    ],
    "COL": [
      {
        "original": [
          276,
          264
        ],
        "dx": -0.08413775281152143,
        "dy": 0.0709339371943043
      }
    ],
    "VNM": [
      {
        "original": [
          276,
          264
        ],
        "dx": 0.1837987463853425,
        "dy": -0.08210696361725214
      }
    ],
    "PHL": [
      {
        "original": [
          276,
          264
        ],
        "dx": 0.18883490387588425,
        "dy": 0.011157101355357885
      }
    ],
    "ARG": [
      {
        "original": [
          276,
          264
        ],
        "dx": 0.06674097411954133,
        "dy": 0.06985305392701091
      }
    ],
    "IRN": [
      {
        "original": [
          276,
          264
        ],
        "dx": -0.10010240836599289,
        "dy": 0.09324194764878219
      }
    ],
    "IND": [
      {
        "original": [
          276,
          264
        ],
        "dx": 0.08797306032259483,
        "dy": 0.14120358551957007
      }
    ],
    "ESP": [
      {
        "original": [
          276,
          264
        ],
        "dx": -0.16059251289671048,
        "dy": -0.13001486194640943
      }
    ]
  }
}