{
  "chart_id": "scatter_057",
  "title": "Hospital beds per 1000 vs Life expectancy (years)",
  "dpi": 200,
  "fig_size": [
    5,
    4
  ],
  "font_size": 8,
  "palette": [
    "#f0c2c2",
    "#6a3d9a",
    "#c2c2f0",
    "#b15928",
    "#cab2d6",
    "#c2f0c2",
    "#fb9a99",
    "#fdbf6f",
    "#33a02c",
    "#b2df8a",
    "#8dd3c7",
    "#ff7f00",
    "#ffb3e6",
    "#ffff99",
    "#e31a1c"
  ],
  "marker": "*",
  "sample_size": 9,
  "point_size_range": [
    30,
    60
  ],
  "x_ticks": [
    4.0,
    5.5,
    7.0,
    8.5,
    10.0
  ],
  "y_ticks": [
    60.0,
    64.0,
    68.0,
    72.0,
    76.0
  ],
  "x_ticks_encrypted": [
    4.0,
    4.75,
    5.5,
    6.25,
    7.0,
    7.75,
    8.5,
    9.25,
    10.0
  ],
  "y_ticks_encrypted": [
    60.0,
    62.0,
    64.0,
    66.0,
    68.0,
    70.0,
    72.0,
    74.0,
    76.0
  ],
  "series_color": {
    "AUS": [
      "#c2c2f0"
    ],
    "IDN": [
      "#ffff99"
    ],
    "FRA": [
      "#6a3d9a"
    ],
    "USA": [
      "#e31a1c"
    ],
    "JPN": [
      "#fdbf6f"
    ],
    "ESP": [
      "#8dd3c7"
    ],
    "GBR": [
      "#ff7f00"
    ],
    "SAU": [
      "#fb9a99"
    ],
    "IRN": [
      "#f0c2c2"
    ]
  },
  "label_perturbations": {
    "AUS": [
      {
        "original": [
          818,
          555
        ],
        "dx": 0.17048018549094462,
        "dy": 0.018779535599694336
      }
    ],
    "IDN": [
      {
        "original": [
          818,
          555
        ],
        "dx": 0.06337007770252318,
        "dy": -0.17673769761788646
      }
    ],
    "FRA": [
      {
        "original": [
          818,
          555
        ],
        "dx": -0.14141410420195039,
        "dy": 0.12021779414151035
      }
    ],
    "USA": [
      {
        "original": [
          818,
          555
        ],
        "dx": -0.19358758054586792,
        "dy": 0.18678113931441082
      }
    ],
    "JPN": [
      {
        "original": [
          818,
          555
        ],
        "dx": -0.18217528648983847,
        "dy": 0.049306819897677656
      }
    ],
    "ESP": [
      {
        "original": [
          818,
          555
        ],
        "dx": -0.10601393035606721,
        "dy": 0.08771277853780735
      }
    ],
    "GBR": [
      {
        "original": [
          818,
          555
        ],
        "dx": 0.14508043784169733,
        "dy": 0.06859141045380757
      }
    ],
    "SAU": [
      {
        "original": [
          818,
          555
        ],
        "dx": 0.17033371103180966,
        "dy": -0.017672294683457823
      }
    ],
    "IRN": [
      {
        "original": [
          818,
          555
        ],
        "dx": -0.11355839713709881,
        "dy": 0.11772805567522127
      }
    ]
  }
}