{
  "chart_id": "scatter_007",
  "title": "Hospital beds per 1000 vs Life expectancy (years)",
  "dpi": 200,
  "fig_size": [
    5,
    4
  ],
  "font_size": 12,
  "palette": [
    "#f0c2c2",
    "#6a3d9a",
    "#c2c2f0",
    "#b15928",
    "#cab2d6",
    "#c2f0c2",
    "#fb9a99",
    "#fdbf6f",
    "#33a02c",
    "#b2df8a",
    "#8dd3c7",
    "#ff7f00",
    "#ffb3e6",
    "#ffff99",
    "#e31a1c"
  ],
  "marker": "D",
  "sample_size": 9,
  "point_size_range": [
    30,
    60
  ],
  "x_ticks": [
    4.0,
    5.25,
    6.5,
    7.75,
    9.0
  ],
  "y_ticks": [
    62.0,
    64.5,
    67.0,
    69.5,
    72.0
  ],
  "x_ticks_encrypted": [
    4.0,
    4.62,
    5.25,
    5.88,
    6.5,
    7.12,
    7.75,
    8.38,
    9.0
  ],
  "y_ticks_encrypted": [
    62.0,
    63.25,
    64.5,
    65.75,
    67.0,
    68.25,
    69.5,
    70.75,
    72.0
  ],
  "series_color": {
    "GBR": [
      "#ffb3e6"
    ],
    "USA": [
      "#cab2d6"
    ],
    "IND": [
      "#ff7f00"
    ],
    "THA": [
      "#c2c2f0"
    ],
    "ITA": [
      "#f0c2c2"
    ],
    "CAN": [
      "#c2f0c2"
    ],
    "ESP": [
      "#b15928"
    ],
    "DEU": [
      "#8dd3c7"
    ],
    "JPN": [
      "#33a02c"
    ]
  },
  "label_perturbations": {
    "GBR": [
      {
        "original": [
          881,
          321
        ],
        "dx": 0.03430550371948421,
        "dy": -0.13552250389142534
      }
    ],
    "USA": [
      {
        "original": [
          881,
          321
        ],
        "dx": -0.034955284274210296,
        "dy": 0.05026406340649864
      }
    ],
    "IND": [
      {
        "original": [
          881,
          321
        ],
        "dx": -0.04428179928320902,
        "dy": -0.07275849605602036
      }
    ],
    "THA": [
      {
        "original": [
          881,
          321
        ],
        "dx": 0.007900013279449641,
        "dy": 0.17019394351923772
      }
    ],
    "ITA": [
      {
        "original": [
          881,
          321
        ],
        "dx": 0.04063225990458488,
        "dy": -0.11945883920577716
      }
    ],
    "CAN": [
      {
        "original": [
          881,
          321
        ],
        "dx": 0.16500611313267471,
        "dy": 0.09368081023801822
      }
    ],
    "ESP": [
      {
        "original": [
          881,
          321
        ],
        "dx": -0.15089861983457956,
        "dy": -0.034839471664571076
      }
    ],
    "DEU": [
      {
        "original": [
          881,
          321
        ],
        "dx": -0.013811676321650035,
        "dy": 0.08747393825121585
      }
    ],
    "JPN": [
      {
        "original": [
          881,
          321
        ],
        "dx": 0.012575840412651612,
        "dy": -0.04626490897537899
      }
    ]
  }
}