{
  "chart_id": "scatter_070",
  "title": "GDP per capita (USD) vs Life expectancy (years)",
  "dpi": 100,
  "fig_size": [
    5,
    4
  ],
  "font_size": 10,
  "palette": [
    "#9467bd",
    "#e377c2",
    "#17becf",
    "#66c2a5",
    "#a6cee3",
    "#2ca02c",
    "#d62728",
    "#e78ac3",
    "#1f77b4",
    "#8c564b",
    "#bcbd22",
    "#fc8d62",
    "#8da0cb",
    "#7f7f7f",
    "#ff7f0e"
  ],
  "marker": "*",
  "sample_size": 9,
  "point_size_range": [
    30,
    60
  ],
  "x_ticks": [
    28000.0,
    33500.0,
    39000.0,
    44500.0,
    50000.0
  ],
  "y_ticks": [
    62.0,
    65.0,
    68.0,
    71.0,
    74.0
  ],
  "x_ticks_encrypted": [
    28000.0,
    30750.0,
    33500.0,
    36250.0,
    39000.0,
    41750.0,
    44500.0,
    47250.0,
    50000.0
  ],
  "y_ticks_encrypted": [
    62.0,
    63.5,
    65.0,
    66.5,
    68.0,
    69.5,
    71.0,
    72.5,
    74.0
  ],
  "series_color": {
    "EGY": [
      "#e377c2"
    ],
    "FRA": [
      "#8da0cb"
    ],
    "BRA": [
      "#1f77b4"
    ],
    "ESP": [
      "#bcbd22"
    ],
    "IRN": [
      "#7f7f7f"
    ],
    "ARG": [
      "#66c2a5"
    ],
    "UKR": [
      "#e78ac3"
    ],
    "USA": [
      "#8c564b"
    ],
    "DEU": [
      "#2ca02c"
    ]
  },
  "label_perturbations": {
    "EGY": [
      {
        "original": [
          281,
          173
        ],
        "dx": 0.16974517170002862,
        "dy": -0.12182597433534861
      }
    ],
    "FRA": [
      {
        "original": [
          281,
          173
        ],
        "dx": 0.061416511584262756,
        "dy": 0.07606638469009214
      }
    ],
    "BRA": [
      {
        "original": [
          281,
          173
        ],
        "dx": 0.06832492889988645,
        "dy": 0.0904050676208834
      }
    ],
    "ESP": [
      {
        "original": [
          281,
          173
        ],
        "dx": 0.17808852453516805,
        "dy": 0.09798293036339406
      }
    ],
    "IRN": [
      {
        "original": [
          281,
          173
        ],
        "dx": -0.13967979550795184,
        "dy": 0.018116343453612682
      }
    ],
    "ARG": [
      {
        "original": [
          281,
          173
        ],
        "dx": 0.061333151401576635,
        "dy": 0.19456079076010258
      }
    ],
    "UKR": [
      {
        "original": [
          281,
          173
        ],
        "dx": 0.12206668719609864,
        "dy": 0.14270446351260424
      }
    ],
    "USA": [
      {
        "original": [
          281,
          173
        ],
        "dx": -0.1531489595445702,
        "dy": -0.1815122061537296
      }
    ],
    "DEU": [
      {
        "original": [
          281,
          173
        ],
        "dx": 0.07895725086313032,
        "dy": -0.13954520070855103
      }
    ]
  }
}