{
  "chart_id": "scatter_022",
  "title": "Health expenditure per capita (USD) vs Life expectancy (years)",
  "dpi": 100,
  "fig_size": [
    5,
    4
  ],
  "font_size": 10,
  "palette": [
    "#f0c2c2",
    "#6a3d9a",
    "#c2c2f0",
    "#b15928",
    "#cab2d6",
    "#c2f0c2",
    "#fb9a99",
    "#fdbf6f",
    "#33a02c",
    "#b2df8a",
    "#8dd3c7",
    "#ff7f00",
    "#ffb3e6",
    "#ffff99",
    "#e31a1c"
  ],
  "marker": "*",
  "sample_size": 14,
  "point_size_range": [
    30,
    60
  ],
  "x_ticks": [
    4600.0,
    5650.0,
    6700.0,
    7750.0,
    8800.0
  ],
  "y_ticks": [
    58.0,
    62.0,
    66.0,
    70.0,
    74.0
  ],
  "x_ticks_encrypted": [
    4600.0,
    5125.0,
    5650.0,
    6175.0,
    6700.0,
    7225.0,
    7750.0,
    8275.0,
    8800.0
  ],
  "y_ticks_encrypted": [
    58.0,
    60.0,
    62.0,
    64.0,
    66.0,
    68.0,
    70.0,
    72.0,
    74.0
  ],
  "series_color": {
    "COL": [
      "#e31a1c"
    ],
    "VNM": [
      "#c2c2f0"
    ],
    "ARG": [
      "#ff7f00"
    ],
    "KOR": [
      "#b15928"
    ],
    "IDN": [
      "#c2f0c2"
    ],
    "SAU": [
      "#fb9a99"
    ],
    "RUS": [
      "#b2df8a"
    ],
    "THA": [
      "#6a3d9a"
    ],
    "ESP": [
      "#33a02c"
    ],
    "USA": [
      "#8dd3c7"
    ],
    "IND": [
      "#ffb3e6"
    ],
    "PHL": [
      "#f0c2c2"
    ],
    "JPN": [
      "#ffff99"
    ],
    "ITA": [
      "#fdbf6f"
    ]
  },
  "label_perturbations": {
    "COL": [
      {
        "original": [
          216,
          271
        ],
        "dx": -0.1701432349009676,
        "dy": 0.09951762941062542
      }
    ],
    "VNM": [
      {
        "original": [
          216,
          271
        ],
        "dx": -0.0307046202329726,
        "dy": -0.1489513044923871
      }
    ],
    "ARG": [
      {
        "original": [
          216,
          271
        ],
        "dx": -0.09860126886677097,
        "dy": -0.08735952842466227
      }
    ],
    "KOR": [
      {
        "original": [
          216,
          271
        ],
        "dx": -0.0333315693716984,
        "dy": -0.19902641777248317
      }
    ],
    "IDN": [
      {
        "original": [
          216,
          271
        ],
        "dx": -0.07210990631344591,
        "dy": -0.04673735276231433
      }
    ],
    "SAU": [
      {
        "original": [
          216,
          271
        ],
        "dx": -0.14156220386637752,
        "dy": -0.10374218453226335
      }
    ],
    "RUS": [
      {
        "original": [
          216,
          271
        ],
        "dx": -0.028159089405058207,
        "dy": 0.14428718777831218
      }
    ],
    "THA": [
      {
        "original": [
          216,
          271
        ],
        "dx": -0.17045561633874604,
        "dy": 0.1074649913720504
      }
    ],
    "ESP": [
      {
        "original": [
          216,
          271
        ],
        "dx": 0.004673550363578277,
        "dy": 0.09996421399486549
      }
    ],
    "USA": [
      {
        "original": [
          216,
          271
        ],
        "dx": -0.13731987393152312,
        "dy": 0.07374067100928616
      }
    ],
    "IND": [
      {
        "original": [
          216,
          271
        ],
        "dx": 0.1548735072528749,
        "dy": -0.1485326578231106
      }
    ],
    "PHL": [
      {
        "original": [
          216,
          271
        ],
        "dx": -0.12121143947848877,
        "dy": -0.19464328182691545
      }
    ],
    "JPN": [
      {
        "original": [
          216,
          271
        ],
        "dx": 0.039130273396983606,
        "dy": -0.15232213545487736
      }
    ],
    "ITA": [
      {
        "original": [
          216,
          271
        ],
        "dx": 0.15039665183667328,
        "dy": -0.1655542462753158
      }
    ]
  }
}