{
  "chart_id": "scatter_056",
  "title": "R&D spending (% of GDP) vs Patent applications",
  "dpi": 100,
  "fig_size": [
    7,
    5
  ],
  "font_size": 12,
  "palette": [
    "#9467bd",
    "#e377c2",
    "#17becf",
    "#66c2a5",
    "#a6cee3",
    "#2ca02c",
    "#d62728",
    "#e78ac3",
    "#1f77b4",
    "#8c564b",
    "#bcbd22",
    "#fc8d62",
    "#8da0cb",
    "#7f7f7f",
    "#ff7f0e"
  ],
  "marker": "s",
  "sample_size": 12,
  "point_size_range": [
    30,
    60
  ],
  "x_ticks": [
    1.0,
    1.5,
    2.0,
    2.5,
    3.0
  ],
  "y_ticks": [
    9400.0,
    11350.0,
    13300.0,
    15250.0,
    17200.0
  ],
  "x_ticks_encrypted": [
    1.0,
    1.25,
    1.5,
    1.75,
    2.0,
    2.25,
    2.5,
    2.75,
    3.0
  ],
  "y_ticks_encrypted": [
    9400.0,
    10375.0,
    11350.0,
    12325.0,
    13300.0,
    14275.0,
    15250.0,
    16225.0,
    17200.0
  ],
  "series_color": {
    "IND": [
      "#2ca02c"
    ],
    "AUS": [
      "#fc8d62"
    ],
    "ARG": [
      "#bcbd22"
    ],
    "PAK": [
      "#e78ac3"
    ],
    "FRA": [
      "#1f77b4"
    ],
    "CAN": [
      "#7f7f7f"
    ],
    "GBR": [
      "#8c564b"
    ],
    "KOR": [
      "#17becf"
    ],
    "PHL": [
      "#e377c2"
    ],
    "USA": [
      "#8da0cb"
    ],
    "NGA": [
      "#66c2a5"
    ],
    "UKR": [
      "#d62728"
    ]
  },
  "label_perturbations": {
    "IND": [
      {
        "original": [
          427,
          347
        ],
        "dx": 0.02501668378069724,
        "dy": -0.1447518510982514
      }
    ],
    "AUS": [
      {
        "original": [
          427,
          347
        ],
        "dx": 0.18723615114363312,
        "dy": -0.0009506934160701253
      }
    ],
    "ARG": [
      {
        "original": [
          427,
          347
        ],
        "dx": -0.07299833518676016,
        "dy": 0.052426295436139414
      }
    ],
    "PAK": [
      {
        "original": [
          427,
          347
        ],
        "dx": 0.13923981034244298,
        "dy": -0.07960491577319373
      }
    ],
    "FRA": [
      {
        "original": [
          427,
          347
        ],
        "dx": -0.12036799372975043,
        "dy": 0.0011115260086809742
      }
    ],
    "CAN": [
      {
        "original": [
          427,
          347
        ],
        "dx": 0.05298503556076012,
        "dy": -0.11225721073021165
      }
    ],
    "GBR": [
      {
        "original": [
          427,
          347
        ],
        "dx": -0.15279101327969324,
        "dy": -0.050125946817786676
      }
    ],
    "KOR": [
      {
        "original": [
          427,
          347
        ],
        "dx": 0.1973449536911417,
        "dy": -0.05803399179912022
      }
    ],
    "PHL": [
      {
        "original": [
          427,
          347
        ],
        "dx": 0.0769215533184332,
        "dy": 0.17792407959305745
      }
    ],
    "USA": [
      {
        "original": [
          427,
          347
        ],
        "dx": -0.07980898337264125,
        "dy": 0.19260967300778814
      }
    ],
    "NGA": [
      {
        "original": [
          427,
          347
        ],
        "dx": 0.06496608965810374,
        "dy": -0.09833893242129982
      }
    ],
    "UKR": [
      {
        "original": [
          427,
          347
        ],
        "dx": -0.11319272254922869,
        "dy": -0.06056332523052019
      }
    ]
  }
}