{
  "chart_id": "scatter_048",
  "title": "Urbanization rate (%) vs Population density",
  "dpi": 200,
  "fig_size": [
    7,
    5
  ],
  "font_size": 8,
  "palette": [
    "#9467bd",
    "#e377c2",
    "#17becf",
    "#66c2a5",
    "#a6cee3",
    "#2ca02c",
    "#d62728",
    "#e78ac3",
    "#1f77b4",
    "#8c564b",
    "#bcbd22",
    "#fc8d62",
    "#8da0cb",
    "#7f7f7f",
    "#ff7f0e"
  ],
  "marker": "*",
  "sample_size": 8,
  "point_size_range": [
    30,
    60
  ],
  "x_ticks": [
    50.0,
    57.0,
    64.0,
    71.0,
    78.0
  ],
  "y_ticks": [
    1000.0,
    1350.0,
    1700.0,
    2050.0,
    2400.0
  ],
  "x_ticks_encrypted": [
    50.0,
    53.5,
    57.0,
    60.5,
    64.0,
    67.5,
    71.0,
    74.5,
    78.0
  ],
  "y_ticks_encrypted": [
    1000.0,
    1175.0,
    1350.0,
    1525.0,
    1700.0,
    1875.0,
    2050.0,
    2225.0,
    2400.0
  ],
  "series_color": {
    "VNM": [
      "#bcbd22"
    ],
    "ESP": [
      "#1f77b4"
    ],
    "CAN": [
      "#d62728"
    ],
    "PHL": [
      "#66c2a5"
    ],
    "KOR": [
      "#9467bd"
    ],
    "SAU": [
      "#7f7f7f"
    ],
    "JPN": [
      "#2ca02c"
    ],
    "RUS": [
      "#fc8d62"
    ]
  },
  "label_perturbations": {
    "VNM": [
      {
        "original": [
          282,
          563
        ],
        "dx": 0.03202348552149922,
        "dy": 0.14667821120829583
      }
    ],
    "ESP": [
      {
        "original": [
          282,
          563
        ],
        "dx": 0.09469898521144582,
        "dy": 0.029924137635950254
      }
    ],
    "CAN": [
      {
        "original": [
          282,
          563
        ],
        "dx": -0.17660183060293755,
        "dy": -0.15105986942501193
      }
    ],
    "PHL": [
      {
        "original": [
          282,
          563
        ],
        "dx": 0.04546636788225239,
        "dy": -0.12048523513836461
      }
    ],
    "KOR": [
      {
        "original": [
          282,
          563
        ],
        "dx": -0.056942276733456865,
        "dy": 0.14021444363822594
      }
    ],
    "SAU": [
      {
        "original": [
          282,
          563
        ],
        "dx": 0.12263376936995724,
        "dy": -0.15609305269968307
      }
    ],
    "JPN": [
      {
        "original": [
          282,
          563
        ],
        "dx": 0.12475620054010539,
        "dy": -0.046285653200960286
      }
    ],
    "RUS": [
      {
        "original": [
          282,
          563
        ],
        "dx": 0.1578376788992868,
        "dy": 0.15422178457380076
      }
    ]
  }
}