{
  "chart_id": "scatter_005",
  "title": "Internet penetration (%) vs GDP per capita (USD)",
  "dpi": 100,
  "fig_size": [
    7,
    5
  ],
  "font_size": 12,
  "palette": [
    "#f0c2c2",
    "#6a3d9a",
    "#c2c2f0",
    "#b15928",
    "#cab2d6",
    "#c2f0c2",
    "#fb9a99",
    "#fdbf6f",
    "#33a02c",
    "#b2df8a",
    "#8dd3c7",
    "#ff7f00",
    "#ffb3e6",
    "#ffff99",
    "#e31a1c"
  ],
  "marker": "^",
  "sample_size": 8,
  "point_size_range": [
    30,
    60
  ],
  "x_ticks": [
    48.0,
    54.5,
    61.0,
    67.5,
    74.0
  ],
  "y_ticks": [
    28000.0,
    34000.0,
    40000.0,
    46000.0,
    52000.0
  ],
  "x_ticks_encrypted": [
    48.0,
    51.25,
    54.5,
    57.75,
    61.0,
    64.25,
    67.5,
    70.75,
    74.0
  ],
  "y_ticks_encrypted": [
    28000.0,
    31000.0,
    34000.0,
    37000.0,
    40000.0,
    43000.0,
    46000.0,
    49000.0,
    52000.0
  ],
  "series_color": {
    "MEX": [
      "#ffb3e6"
    ],
    "KOR": [
      "#c2f0c2"
    ],
    "CHN": [
      "#8dd3c7"
    ],
    "RUS": [
      "#b15928"
    ],
    "ZAF": [
      "#b2df8a"
    ],
    "DEU": [
      "#ffff99"
    ],
    "FRA": [
      "#e31a1c"
    ],
    "PHL": [
      "#6a3d9a"
    ]
  },
  "label_perturbations": {
    "MEX": [
      {
        "original": [
          146,
          88
        ],
        "dx": -0.03288055532028675,
        "dy": 0.05314607093652929
      }
    ],
    "KOR": [
      {
        "original": [
          146,
          88
        ],
        "dx": 0.18718326224788573,
        "dy": -0.030072031024404977
      }
    ],
    "CHN": [
      {
        "original": [
          146,
          88
        ],
        "dx": 0.04262753160698063,
        "dy": -0.1899364759539915
      }
    ],
    "RUS": [
      {
        "original": [
          146,
          88
        ],
        "dx": 0.10049183425444802,
        "dy": -0.05831433049174861
      }
    ],
    "ZAF": [
      {
        "original": [
          146,
          88
        ],
        "dx": 0.14196699183728068,
        "dy": 0.10377948480950089
      }
    ],
    "DEU": [
      {
        "original": [
          146,
          88
        ],
        "dx": -0.18287541236311664,
        "dy": -0.15209499893016243
      }
    ],
    "FRA": [
      {
        "original": [
          146,
          88
        ],
        "dx": -0.051533553093362855,
        "dy": 0.05528109140973014
      }
    ],
    "PHL": [
      {
        "original": [
          146,
          88
        ],
        "dx": -0.04887037156873025,
        "dy": -0.16534961218084343
      }
    ]
  }
}