{
  "chart_id": "scatter_006",
  "title": "R&D spending (% of GDP) vs Patent applications",
  "dpi": 100,
  "fig_size": [
    5,
    4
  ],
  "font_size": 12,
  "palette": [
    "#f0c2c2",
    "#6a3d9a",
    "#c2c2f0",
    "#b15928",
    "#cab2d6",
    "#c2f0c2",
    "#fb9a99",
    "#fdbf6f",
    "#33a02c",
    "#b2df8a",
    "#8dd3c7",
    "#ff7f00",
    "#ffb3e6",
    "#ffff99",
    "#e31a1c"
  ],
  "marker": "v",
  "sample_size": 12,
  "point_size_range": [
    30,
    60
  ],
  "x_ticks": [
    1.0,
    1.75,
    2.5,
    3.25,
    4.0
  ],
  "y_ticks": [
    10600.0,
    12350.0,
    14100.0,
    15850.0,
    17600.0
  ],
  "x_ticks_encrypted": [
    1.0,
    1.38,
    1.75,
    2.12,
    2.5,
    2.88,
    3.25,
    3.62,
    4.0
  ],
  "y_ticks_encrypted": [
    10600.0,
    11475.0,
    12350.0,
    13225.0,
    14100.0,
    14975.0,
    15850.0,
    16725.0,
    17600.0
  ],
  "series_color": {
    "DEU": [
      "#b2df8a"
    ],
    "NGA": [
      "#c2c2f0"
    ],
    "BRA": [
      "#ff7f00"
    ],
    "JPN": [
      "#ffb3e6"
    ],
    "CAN": [
      "#33a02c"
    ],
    "ESP": [
      "#cab2d6"
    ],
    "MEX": [
      "#e31a1c"
    ],
    "AUS": [
      "#8dd3c7"
    ],
    "UKR": [
      "#fdbf6f"
    ],
    "FRA": [
      "#6a3d9a"
    ],
    "VNM": [
      "#c2f0c2"
    ],
    "USA": [
      "#fb9a99"
    ]
  },
  "label_perturbations": {
    "DEU": [
      {
        "original": [
          252,
          278
        ],
        "dx": -0.11122343206446952,
        "dy": 0.04421143754187601
      }
    ],
    "NGA": [
      {
        "original": [
          252,
          278
        ],
        "dx": 0.15244902716623704,
        "dy": 0.121839853017359
      }
    ],
    "BRA": [
      {
        "original": [
          252,
          278
        ],
        "dx": 0.14877452681092557,
        "dy": -0.16420123124121352
      }
    ],
    "JPN": [
      {
        "original": [
          252,
          278
        ],
        "dx": -0.03217596524024571,
        "dy": 0.04151596284505091
      }
    ],
    "CAN": [
      {
        "original": [
          252,
          278
        ],
        "dx": -0.022587980186432877,
        "dy": -0.1505790043513442
      }
    ],
    "ESP": [
      {
        "original": [
          252,
          278
        ],
        "dx": -0.19257909544731483,
        "dy": -0.14287420265956616
      }
    ],
    "MEX": [
      {
        "original": [
          252,
          278
        ],
        "dx": -0.005050261132037687,
        "dy": 0.12106369310991416
      }
    ],
    "AUS": [
      {
        "original": [
          252,
          278
        ],
        "dx": -0.11078573113171092,
        "dy": 0.05876679673848412
      }
    ],
    "UKR": [
      {
        "original": [
          252,
          278
        ],
        "dx": 0.047686934128611164,
        "dy": -0.13798552999124283
      }
    ],
    "FRA": [
      {
        "original": [
          252,
          278
        ],
        "dx": 0.10106376736585881,
        "dy": -0.06352875419364779
      }
    ],
    "VNM": [
      {
        "original": [
          252,
          278
        ],
        "dx": 0.10763325068489882,
        "dy": 0.027523656228500754
      }
    ],
    "USA": [
      {
        "original": [
          252,
          278
        ],
        "dx": 0.030586596993760956,
        "dy": -0.19778196293075415
      }
    ]
  }
}