{
  "chart_id": "scatter_084",
  "title": "Unemployment rate (%) vs Inflation rate (%)",
  "dpi": 100,
  "fig_size": [
    7,
    5
  ],
  "font_size": 8,
  "palette": [
    "#f0c2c2",
    "#6a3d9a",
    "#c2c2f0",
    "#b15928",
    "#cab2d6",
    "#c2f0c2",
    "#fb9a99",
    "#fdbf6f",
    "#33a02c",
    "#b2df8a",
    "#8dd3c7",
    "#ff7f00",
    "#ffb3e6",
    "#ffff99",
    "#e31a1c"
  ],
  "marker": "v",
  "sample_size": 14,
  "point_size_range": [
    30,
    60
  ],
  "x_ticks": [
    6.0,
    9.0,
    12.0,
    15.0,
    18.0
  ],
  "y_ticks": [
    2.0,
    4.0,
    6.0,
    8.0,
    10.0
  ],
  "x_ticks_encrypted": [
    6.0,
    7.5,
    9.0,
    10.5,
    12.0,
    13.5,
    15.0,
    16.5,
    18.0
  ],
  "y_ticks_encrypted": [
    2.0,
    3.0,
    4.0,
    5.0,
    6.0,
    7.0,
    8.0,
    9.0,
    10.0
  ],
  "series_color": {
    "ITA": [
      "#33a02c"
    ],
    "COL": [
      "#cab2d6"
    ],
    "THA": [
      "#ffb3e6"
    ],
    "EGY": [
      "#f0c2c2"
    ],
    "IRN": [
      "#fb9a99"
    ],
    "NGA": [
      "#b2df8a"
    ],
    "RUS": [
      "#ff7f00"
    ],
    "IND": [
      "#c2c2f0"
    ],
    "TUR": [
      "#8dd3c7"
    ],
    "ARG": [
      "#ffff99"
    ],
    "UKR": [
      "#c2f0c2"
    ],
    "PAK": [
      "#fdbf6f"
    ],
    "DEU": [
      "#6a3d9a"
    ],
    "SAU": [
      "#b15928"
    ]
  },
  "label_perturbations": {
    "ITA": [
      {
        "original": [
          370,
          141
        ],
        "dx": -0.13129176797691794,
        "dy": 0.18572052378313603
      }
    ],
    "COL": [
      {
        "original": [
          370,
          141
        ],
        "dx": -0.0637101158934382,
        "dy": -0.12317268158502666
      }
    ],
    "THA": [
      {
        "original": [
          370,
          141
        ],
        "dx": -0.11633659256187356,
        "dy": -0.08745568141359708
      }
    ],
    "EGY": [
      {
        "original": [
          370,
          141
        ],
        "dx": 0.09144737046342855,
        "dy": 0.17750968212970109
      }
    ],
    "IRN": [
      {
        "original": [
          370,
          141
        ],
        "dx": 0.1136245174763254,
        "dy": 0.16009979124994667
      }
    ],
    "NGA": [
      {
        "original": [
          370,
          141
        ],
        "dx": 0.03567241044297145,
        "dy": -0.02651886038052012
      }
    ],
    "RUS": [
      {
        "original": [
          370,
          141
        ],
        "dx": -0.0020989788423131372,
        "dy": -0.16639260669336164
      }
    ],
    "IND": [
      {
        "original": [
          370,
          141
        ],
        "dx": -0.19425215995118125,
        "dy": 0.07389475717608246
      }
    ],
    "TUR": [
      {
        "original": [
          370,
          141
        ],
        "dx": -0.0957078956098016,
        "dy": -0.049934761787249565
      }
    ],
    "ARG": [
      {
        "original": [
          370,
          141
        ],
        "dx": 0.1964734492664723,
        "dy": 0.15661381768723776
      }
    ],
    "UKR": [
      {
        "original": [
          370,
          141
        ],
        "dx": -0.010246053467509675,
        "dy": -0.1628626463946835
      }
    ],
    "PAK": [
      {
        "original": [
          370,
          141
        ],
        "dx": 0.017056293584737592,
        "dy": 0.06833973750845568
      }
    ],
    "DEU": [
      {
        "original": [
          370,
          141
        ],
        "dx": -0.17976152537620874,
        "dy": 0.0924694815700074
      }
    ],
    "SAU": [
      {
        "original": [
          370,
          141
        ],
        "dx": -0.10192959973280807,
        "dy": 0.10677624744983832
      }
    ]
  }
}