{
  "chart_id": "scatter_015",
  "title": "Internet penetration (%) vs GDP per capita (USD)",
  "dpi": 200,
  "fig_size": [
    7,
    5
  ],
  "font_size": 12,
  "palette": [
    "#9467bd",
    "#e377c2",
    "#17becf",
    "#66c2a5",
    "#a6cee3",
    "#2ca02c",
    "#d62728",
    "#e78ac3",
    "#1f77b4",
    "#8c564b",
    "#bcbd22",
    "#fc8d62",
    "#8da0cb",
    "#7f7f7f",
    "#ff7f0e"
  ],
  "marker": "o",
  "sample_size": 12,
  "point_size_range": [
    30,
    60
  ],
  "x_ticks": [
    40.0,
    48.0,
    56.0,
    64.0,
    72.0
  ],
  "y_ticks": [
    30000.0,
    35500.0,
    41000.0,
    46500.0,
    52000.0
  ],
  "x_ticks_encrypted": [
    40.0,
    44.0,
    48.0,
    52.0,
    56.0,
    60.0,
    64.0,
    68.0,
    72.0
  ],
  "y_ticks_encrypted": [
    30000.0,
    32750.0,
    35500.0,
    38250.0,
    41000.0,
    43750.0,
    46500.0,
    49250.0,
    52000.0
  ],
  "series_color": {
    "IRN": [
      "#17becf"
    ],
    "BRA": [
      "#8da0cb"
    ],
    "UKR": [
      "#fc8d62"
    ],
    "TUR": [
      "#a6cee3"
    ],
    "CAN": [
      "#7f7f7f"
    ],
    "IDN": [
      "#2ca02c"
    ],
    "PAK": [
      "#d62728"
    ],
    "IND": [
      "#8c564b"
    ],
    "AUS": [
      "#e78ac3"
    ],
    "MEX": [
      "#ff7f0e"
    ],
    "EGY": [
      "#9467bd"
    ],
    "COL": [
      "#1f77b4"
    ]
  },
  "label_perturbations": {
    "IRN": [
      {
        "original": [
          632,
          340
        ],
        "dx": -0.09742889593949938,
        "dy": 0.18858821855660096
      }
    ],
    "BRA": [
      {
        "original": [
          632,
          340
        ],
        "dx": 0.08432132986126628,
        "dy": -0.17013471572708339
      }
    ],
    "UKR": [
      {
        "original": [
          632,
          340
        ],
        "dx": -0.1062652129573956,
        "dy": 0.18384657470722982
      }
    ],
    "TUR": [
      {
        "original": [
          632,
          340
        ],
        "dx": -0.15604279571728752,
        "dy": 0.16954999508302276
      }
    ],
    "CAN": [
      {
        "original": [
          632,
          340
        ],
        "dx": -0.16413386993179652,
        "dy": -0.19346597739868737
      }
    ],
    "IDN": [
      {
        "original": [
          632,
          340
        ],
        "dx": 0.11114407660384334,
        "dy": 0.014748636948104465
      }
    ],
    "PAK": [
      {
        "original": [
          632,
          340
        ],
        "dx": 0.19442750269044462,
        "dy": -0.1368537437896183
      }
    ],
    "IND": [
      {
        "original": [
          632,
          340
        ],
        "dx": 0.0973381144197879,
        "dy": -0.08809873022014912
      }
    ],
    "AUS": [
      {
        "original": [
          632,
          340
        ],
        "dx": -0.07486762296333102,
        "dy": -0.120876997840143
      }
    ],
    "MEX": [
      {
        "original": [
          632,
          340
        ],
        "dx": -0.07560555193694488,
        "dy": -0.019694627546935572
      }
    ],
    "EGY": [
      {
        "original": [
          632,
          340
        ],
        "dx": -0.006150695778962045,
        "dy": -0.15095736292028966
      }
    ],
    "COL": [
      {
        "original": [
          632,
          340
        ],
        "dx": -0.19915166600865244,
        "dy": 0.008608117781740615
      }
    ]
  }
}