{
  "chart_id": "scatter_009",
  "title": "Working hours/week vs Happiness Index",
  "dpi": 200,
  "fig_size": [
    5,
    4
  ],
  "font_size": 12,
  "palette": [
    "#f0c2c2",
    "#6a3d9a",
    "#c2c2f0",
    "#b15928",
    "#cab2d6",
    "#c2f0c2",
    "#fb9a99",
    "#fdbf6f",
    "#33a02c",
    "#b2df8a",
    "#8dd3c7",
    "#ff7f00",
    "#ffb3e6",
    "#ffff99",
    "#e31a1c"
  ],
  "marker": "*",
  "sample_size": 9,
  "point_size_range": [
    30,
    60
  ],
  "x_ticks": [
    36.0,
    39.0,
    42.0,
    45.0,
    48.0
  ],
  "y_ticks": [
    4.0,
    4.75,
    5.5,
    6.25,
    7.0
  ],
  "x_ticks_encrypted": [
    36.0,
    37.5,
    39.0,
    40.5,
    42.0,
    43.5,
    45.0,
    46.5,
    48.0
  ],
  "y_ticks_encrypted": [
    4.0,
    4.38,
    4.75,
    5.12,
    5.5,
    5.88,
    6.25,
    6.62,
    7.0
  ],
  "series_color": {
    "ESP": [
      "#ffb3e6"
    ],
    "ITA": [
      "#6a3d9a"
    ],
    "ZAF": [
      "#f0c2c2"
    ],
    "CAN": [
      "#8dd3c7"
    ],
    "BRA": [
      "#33a02c"
    ],
    "FRA": [
      "#b15928"
    ],
    "ARG": [
      "#ff7f00"
    ],
    "SAU": [
      "#c2c2f0"
    ],
    "IDN": [
      "#fdbf6f"
    ]
  },
  "label_perturbations": {
    "ESP": [
      {
        "original": [
          912,
          266
        ],
        "dx": -0.12176059432718014,
        "dy": -0.1759208061621466
      }
    ],
    "ITA": [
      {
        "original": [
          912,
          266
        ],
        "dx": -0.08879811145970354,
        "dy": -0.14229723530481597
      }
    ],
    "ZAF": [
      {
        "original": [
          912,
          266
        ],
        "dx": -0.14264195560408274,
        "dy": -0.16952265898779048
      }
    ],
    "CAN": [
      {
        "original": [
          912,
          266
        ],
        "dx": -0.07026402888244429,
        "dy": 0.049828076917735775
      }
    ],
    "BRA": [
      {
        "original": [
          912,
          266
        ],
        "dx": 0.06675303879991856,
        "dy": -0.01941863273204736
      }
    ],
    "FRA": [
      {
        "original": [
          912,
          266
        ],
        "dx": 0.04524662933651796,
        "dy": -0.04650683072282685
      }
    ],
    "ARG": [
      {
        "original": [
          912,
          266
        ],
        "dx": -0.1163860044344888,
        "dy": -0.07446687433812188
      }
    ],
    "SAU": [
      {
        "original": [
          912,
          266
        ],
        "dx": 0.09994451483767075,
        "dy": -0.18110047863482728
      }
    ],
    "IDN": [
      {
        "original": [
          912,
          266
        ],
        "dx": -0.04076798678890067,
        "dy": -0.14652785350075404
      }
    ]
  }
}