{
  "chart_id": "scatter_090",
  "title": "GDP per capita (USD) vs Life expectancy (years)",
  "dpi": 100,
  "fig_size": [
    5,
    4
  ],
  "font_size": 8,
  "palette": [
    "#9467bd",
    "#e377c2",
    "#17becf",
    "#66c2a5",
    "#a6cee3",
    "#2ca02c",
    "#d62728",
    "#e78ac3",
    "#1f77b4",
    "#8c564b",
    "#bcbd22",
    "#fc8d62",
    "#8da0cb",
    "#7f7f7f",
    "#ff7f0e"
  ],
  "marker": "D",
  "sample_size": 13,
  "point_size_range": [
    30,
    60
  ],
  "x_ticks": [
    28000.0,
    36500.0,
    45000.0,
    53500.0,
    62000.0
  ],
  "y_ticks": [
    62.0,
    65.0,
    68.0,
    71.0,
    74.0
  ],
  "x_ticks_encrypted": [
    28000.0,
    32250.0,
    36500.0,
    40750.0,
    45000.0,
    49250.0,
    53500.0,
    57750.0,
    62000.0
  ],
  "y_ticks_encrypted": [
    62.0,
    63.5,
    65.0,
    66.5,
    68.0,
    69.5,
    71.0,
    72.5,
    74.0
  ],
  "series_color": {
    "PAK": [
      "#8da0cb"
    ],
    "IDN": [
      "#66c2a5"
    ],
    "EGY": [
      "#d62728"
    ],
    "UKR": [
      "#9467bd"
    ],
    "ITA": [
      "#bcbd22"
    ],
    "BRA": [
      "#1f77b4"
    ],
    "FRA": [
      "#7f7f7f"
    ],
    "ZAF": [
      "#a6cee3"
    ],
    "PHL": [
      "#fc8d62"
    ],
    "KOR": [
      "#e377c2"
    ],
    "VNM": [
      "#e78ac3"
    ],
    "NGA": [
      "#17becf"
    ],
    "IRN": [
      "#2ca02c"
    ]
  },
  "label_perturbations": {
    "PAK": [
      {
        "original": [
          193,
          84
        ],
        "dx": 0.020307080473061706,
        "dy": -0.09578014756517722
      }
    ],
    "IDN": [
      {
        "original": [
          193,
          84
        ],
        "dx": 0.150009243161567,
        "dy": -0.18018042693510827
      }
    ],
    "EGY": [
      {
        "original": [
          193,
          84
        ],
        "dx": -0.14641053606032803,
        "dy": 0.12439099583366658
      }
    ],
    "UKR": [
      {
        "original": [
          193,
          84
        ],
        "dx": 0.1940624192437736,
        "dy": 0.08036612668921761
      }
    ],
    "ITA": [
      {
        "original": [
          193,
          84
        ],
        "dx": -0.16092859116589595,
        "dy": 0.1531953469932027
      }
    ],
    "BRA": [
      {
        "original": [
          193,
          84
        ],
        "dx": -0.12108461272681953,
        "dy": 0.009660916452148338
      }
    ],
    "FRA": [
      {
        "original": [
          193,
          84
        ],
        "dx": 0.0039532495340501295,
        "dy": -0.14691179733190118
      }
    ],
    "ZAF": [
      {
        "original": [
          193,
          84
        ],
        "dx": -0.09868356196364614,
        "dy": 0.07026844676448751
      }
    ],
    "PHL": [
      {
        "original": [
          193,
          84
        ],
        "dx": -0.05650081431459211,
        "dy": -0.09430827632299127
      }
    ],
    "KOR": [
      {
        "original": [
          193,
          84
        ],
        "dx": 0.048890750349291606,
        "dy": 0.10681617512045766
      }
    ],
    "VNM": [
      {
        "original": [
          193,
          84
        ],
        "dx": 0.12629520014656498,
        "dy": -0.0012820524859195326
      }
    ],
    "NGA": [
      {
        "original": [
          193,
          84
        ],
        "dx": 0.013910616735662795,
        "dy": 0.11726393131088081
      }
    ],
    "IRN": [
      {
        "original": [
          193,
          84
        ],
        "dx": 0.15971380603440383,
        "dy": -0.1444601127574451
      }
    ]
  }
}