{
  "chart_id": "scatter_046",
  "title": "R&D spending (% of GDP) vs Patent applications",
  "dpi": 200,
  "fig_size": [
    7,
    5
  ],
  "font_size": 12,
  "palette": [
    "#f0c2c2",
    "#6a3d9a",
    "#c2c2f0",
    "#b15928",
    "#cab2d6",
    "#c2f0c2",
    "#fb9a99",
    "#fdbf6f",
    "#33a02c",
    "#b2df8a",
    "#8dd3c7",
    "#ff7f00",
    "#ffb3e6",
    "#ffff99",
    "#e31a1c"
  ],
  "marker": "*",
  "sample_size": 10,
  "point_size_range": [
    30,
    60
  ],
  "x_ticks": [
    1.0,
    1.75,
    2.5,
    3.25,
    4.0
  ],
  "y_ticks": [
    9800.0,
    11250.0,
    12700.0,
    14150.0,
    15600.0
  ],
  "x_ticks_encrypted": [
    1.0,
    1.38,
    1.75,
    2.12,
    2.5,
    2.88,
    3.25,
    3.62,
    4.0
  ],
  "y_ticks_encrypted": [
    9800.0,
    10525.0,
    11250.0,
    11975.0,
    12700.0,
    13425.0,
    14150.0,
    14875.0,
    15600.0
  ],
  "series_color": {
    "MEX": [
      "#f0c2c2"
    ],
    "IND": [
      "#e31a1c"
    ],
    "CAN": [
      "#ff7f00"
    ],
    "RUS": [
      "#fb9a99"
    ],
    "ARG": [
      "#ffb3e6"
    ],
    "FRA": [
      "#c2c2f0"
    ],
    "KOR": [
      "#8dd3c7"
    ],
    "PAK": [
      "#b2df8a"
    ],
    "VNM": [
      "#ffff99"
    ],
    "IRN": [
      "#b15928"
    ]
  },
  "label_perturbations": {
    "MEX": [
      {
        "original": [
          1031,
          442
        ],
        "dx": 0.17817480694277726,
        "dy": -0.014492801925561904
      }
    ],
    "IND": [
      {
        "original": [
          1031,
          442
        ],
        "dx": 0.09586453069630219,
        "dy": -0.016984003686465243
      }
    ],
    "CAN": [
      {
        "original": [
          1031,
          442
        ],
        "dx": 0.05501529325868271,
        "dy": 0.12230784993720895
      }
    ],
    "RUS": [
      {
        "original": [
          1031,
          442
        ],
        "dx": 0.14158095065265858,
        "dy": 0.17930868273498146
      }
    ],
    "ARG": [
      {
        "original": [
          1031,
          442
        ],
        "dx": -0.182302534052039,
        "dy": 0.14776533560897703
      }
    ],
    "FRA": [
      {
        "original": [
          1031,
          442
        ],
        "dx": 0.12362817060370829,
        "dy": -0.18251076469099461
      }
    ],
    "KOR": [
      {
        "original": [
          1031,
          442
        ],
        "dx": -0.14288553525503708,
        "dy": -0.08006458335864797
      }
    ],
    "PAK": [
      {
        "original": [
          1031,
          442
        ],
        "dx": -0.12900900113221692,
        "dy": 0.019843447997095476
      }
    ],
    "VNM": [
      {
        "original": [
          1031,
          442
        ],
        "dx": -0.18213030588854504,
        "dy": 0.16742377959892035
      }
    ],
    "IRN": [
      {
        "original": [
          1031,
          442
        ],
        "dx": 0.02010689821532244,
        "dy": -0.17135587648570474
      }
    ]
  }
}