{
  "chart_id": "scatter_010",
  "title": "GDP per capita (USD) vs Life expectancy (years)",
  "dpi": 100,
  "fig_size": [
    5,
    4
  ],
  "font_size": 8,
  "palette": [
    "#9467bd",
    "#e377c2",
    "#17becf",
    "#66c2a5",
    "#a6cee3",
    "#2ca02c",
    "#d62728",
    "#e78ac3",
    "#1f77b4",
    "#8c564b",
    "#bcbd22",
    "#fc8d62",
    "#8da0cb",
    "#7f7f7f",
    "#ff7f0e"
  ],
  "marker": "v",
  "sample_size": 10,
  "point_size_range": [
    30,
    60
  ],
  "x_ticks": [
    32000.0,
    37500.0,
    43000.0,
    48500.0,
    54000.0
  ],
  "y_ticks": [
    58.0,
    62.0,
    66.0,
    70.0,
    74.0
  ],
  "x_ticks_encrypted": [
    32000.0,
    34750.0,
    37500.0,
    40250.0,
    43000.0,
    45750.0,
    48500.0,
    51250.0,
    54000.0
  ],
  "y_ticks_encrypted": [
    58.0,
    60.0,
    62.0,
    64.0,
    66.0,
    68.0,
    70.0,
    72.0,
    74.0
  ],
  "series_color": {
    "JPN": [
      "#e78ac3"
    ],
    "TUR": [
      "#a6cee3"
    ],
    "IND": [
      "#e377c2"
    ],
    "ESP": [
      "#17becf"
    ],
    "COL": [
      "#9467bd"
    ],
    "DEU": [
      "#7f7f7f"
    ],
    "ARG": [
      "#ff7f0e"
    ],
    "CAN": [
      "#8da0cb"
    ],
    "NGA": [
      "#fc8d62"
    ],
    "PAK": [
      "#bcbd22"
    ]
  },
  "label_perturbations": {
    "JPN": [
      {
        "original": [
          146,
          211
        ],
        "dx": -0.15316928378573835,
        "dy": -0.12649065624011496
      }
    ],
    "TUR": [
      {
        "original": [
          146,
          211
        ],
        "dx": 0.04070161861296881,
        "dy": -0.034567642097731166
      }
    ],
    "IND": [
      {
        "original": [
          146,
          211
        ],
        "dx": 0.15851216238184407,
        "dy": -0.00911760912707238
      }
    ],
    "ESP": [
      {
        "original": [
          146,
          211
        ],
        "dx": 0.19873608022031608,
        "dy": 0.019572251255957213
      }
    ],
    "COL": [
      {
        "original": [
          146,
          211
        ],
        "dx": -0.18533890359914676,
        "dy": 0.18952025970483666
      }
    ],
    "DEU": [
      {
        "original": [
          146,
          211
        ],
        "dx": -0.004089000420942457,
        "dy": 0.11389250149869395
      }
    ],
    "ARG": [
      {
        "original": [
          146,
          211
        ],
        "dx": -0.073855411038321,
        "dy": 0.09074722210058961
      }
    ],
    "CAN": [
      {
        "original": [
          146,
          211
        ],
        "dx": -0.17088141697727735,
        "dy": -0.05731745552342868
      }
    ],
    "NGA": [
      {
        "original": [
          146,
          211
        ],
        "dx": 0.013123892268657622,
        "dy": -0.16517417988875463
      }
    ],
    "PAK": [
      {
        "original": [
          146,
          211
        ],
        "dx": -0.12311449614663578,
        "dy": -0.010051079212368197
      }
    ]
  }
}