{
  "chart_id": "scatter_038",
  "title": "Urbanization rate (%) vs Population density",
  "dpi": 100,
  "fig_size": [
    7,
    5
  ],
  "font_size": 10,
  "palette": [
    "#f0c2c2",
    "#6a3d9a",
    "#c2c2f0",
    "#b15928",
    "#cab2d6",
    "#c2f0c2",
    "#fb9a99",
    "#fdbf6f",
    "#33a02c",
    "#b2df8a",
    "#8dd3c7",
    "#ff7f00",
    "#ffb3e6",
    "#ffff99",
    "#e31a1c"
  ],
  "marker": "v",
  "sample_size": 10,
  "point_size_range": [
    30,
    60
  ],
  "x_ticks": [
    50.0,
    55.0,
    60.0,
    65.0,
    70.0
  ],
  "y_ticks": [
    600.0,
    1000.0,
    1400.0,
    1800.0,
    2200.0
  ],
  "x_ticks_encrypted": [
    50.0,
    52.5,
    55.0,
    57.5,
    60.0,
    62.5,
    65.0,
    67.5,
    70.0
  ],
  "y_ticks_encrypted": [
    600.0,
    800.0,
    1000.0,
    1200.0,
    1400.0,
    1600.0,
    1800.0,
    2000.0,
    2200.0
  ],
  "series_color": {
    "AUS": [
      "#b2df8a"
    ],
    "UKR": [
      "#c2f0c2"
    ],
    "CAN": [
      "#c2c2f0"
    ],
    "VNM": [
      "#fb9a99"
    ],
    "ARG": [
      "#8dd3c7"
    ],
    "FRA": [
      "#ff7f00"
    ],
    "IDN": [
      "#ffb3e6"
    ],
    "ZAF": [
      "#ffff99"
    ],
    "USA": [
      "#e31a1c"
    ],
    "POL": [
      "#f0c2c2"
    ]
  },
  "label_perturbations": {
    "AUS": [
      {
        "original": [
          152,
          177
        ],
        "dx": 0.011776644325939806,
        "dy": 0.11810310180532285
      }
    ],
    "UKR": [
      {
        "original": [
          152,
          177
        ],
        "dx": -0.11118460143647879,
        "dy": -0.16388706283224674
      }
    ],
    "CAN": [
      {
        "original": [
          152,
          177
        ],
        "dx": -0.12235830723334518,
        "dy": -0.05811700218719201
      }
    ],
    "VNM": [
      {
        "original": [
          152,
          177
        ],
        "dx": -0.09625194835583338,
        "dy": 0.11767355639232385
      }
    ],
    "ARG": [
      {
        "original": [
          152,
          177
        ],
        "dx": 0.07385860851811377,
        "dy": -0.13301336494394156
      }
    ],
    "FRA": [
      {
        "original": [
          152,
          177
        ],
        "dx": -0.07367694185758814,
        "dy": -0.16725009753977954
      }
    ],
    "IDN": [
      {
        "original": [
          152,
          177
        ],
        "dx": 0.1928277463980092,
        "dy": -0.038034095731514006
      }
    ],
    "ZAF": [
      {
        "original": [
          152,
          177
        ],
        "dx": -0.1176857210725451,
        "dy": -0.104666148471934
      }
    ],
    "USA": [
      {
        "original": [
          152,
          177
        ],
        "dx": 0.12862704523689666,
        "dy": -0.07506746818225435
      }
    ],
    "POL": [
      {
        "original": [
          152,
          177
        ],
        "dx": -0.052594278249708415,
        "dy": 0.06821559159254315
      }
    ]
  }
}