{
  "chart_id": "scatter_076",
  "title": "R&D spending (% of GDP) vs Patent applications",
  "dpi": 200,
  "fig_size": [
    7,
    5
  ],
  "font_size": 8,
  "palette": [
    "#f0c2c2",
    "#6a3d9a",
    "#c2c2f0",
    "#b15928",
    "#cab2d6",
    "#c2f0c2",
    "#fb9a99",
    "#fdbf6f",
    "#33a02c",
    "#b2df8a",
    "#8dd3c7",
    "#ff7f00",
    "#ffb3e6",
    "#ffff99",
    "#e31a1c"
  ],
  "marker": "s",
  "sample_size": 13,
  "point_size_range": [
    30,
    60
  ],
  "x_ticks": [
    2.0,
    2.5,
    3.0,
    3.5,
    4.0
  ],
  "y_ticks": [
    8400.0,
    10650.0,
    12900.0,
    15150.0,
    17400.0
  ],
  "x_ticks_encrypted": [
    2.0,
    2.25,
    2.5,
    2.75,
    3.0,
    3.25,
    3.5,
    3.75,
    4.0
  ],
  "y_ticks_encrypted": [
    8400.0,
    9525.0,
    10650.0,
    11775.0,
    12900.0,
    14025.0,
    15150.0,
    16275.0,
    17400.0
  ],
  "series_color": {
    "KOR": [
      "#e31a1c"
    ],
    "NGA": [
      "#ff7f00"
    ],
    "IRN": [
      "#8dd3c7"
    ],
    "VNM": [
      "#fb9a99"
    ],
    "AUS": [
      "#cab2d6"
    ],
    "PHL": [
      "#c2f0c2"
    ],
    "THA": [
      "#ffff99"
    ],
    "FRA": [
      "#f0c2c2"
    ],
    "IDN": [
      "#33a02c"
    ],
    "PAK": [
      "#6a3d9a"
    ],
    "CHN": [
      "#b15928"
    ],
    "ARG": [
      "#b2df8a"
    ],
    "UKR": [
      "#c2c2f0"
    ]
  },
  "label_perturbations": {
    "KOR": [
      {
        "original": [
          382,
          647
        ],
        "dx": 0.05936180056638085,
        "dy": 0.07508486719872576
      }
    ],
    "NGA": [
      {
        "original": [
          382,
          647
        ],
        "dx": -0.07182899855590927,
        "dy": 0.05135060796104307
      }
    ],
    "IRN": [
      {
        "original": [
          382,
          647
        ],
        "dx": 0.06572753011360583,
        "dy": 0.06817371314663723
      }
    ],
    "VNM": [
      {
        "original": [
          382,
          647
        ],
        "dx": -0.10263898715301281,
        "dy": 0.1894678775540889
      }
    ],
    "AUS": [
      {
        "original": [
          382,
          647
        ],
        "dx": 0.1310948046296555,
        "dy": 0.0071315345311386835
      }
    ],
    "PHL": [
      {
        "original": [
          382,
          647
        ],
        "dx": 0.1947844338115946,
        "dy": 0.17396947471379315
      }
    ],
    "THA": [
      {
        "original": [
          382,
          647
        ],
        "dx": 0.17773665395624483,
        "dy": 0.17190888279432504
      }
    ],
    "FRA": [
      {
        "original": [
          382,
          647
        ],
        "dx": 0.19218908037024007,
        "dy": -0.013685282939536109
      }
    ],
    "IDN": [
      {
        "original": [
          382,
          647
        ],
        "dx": -0.1593775795817487,
        "dy": 0.060158864136870716
      }
    ],
    "PAK": [
      {
        "original": [
          382,
          647
        ],
        "dx": -0.12683986557854793,
        "dy": 0.059519293152330566
      }
    ],
    "CHN": [
      {
        "original": [
          382,
          647
        ],
        "dx": -0.10474239668926177,
        "dy": -0.03911554110725057
      }
    ],
    "ARG": [
      {
        "original": [
          382,
          647
        ],
        "dx": -0.18626009606450833,
        "dy": 0.10883294788159903
      }
    ],
    "UKR": [
      {
        "original": [
          382,
          647
        ],
        "dx": -0.16964915564141997,
        "dy": -0.1705772051474085
      }
    ]
  }
}