{
  "chart_id": "scatter_051",
  "title": "CO2 emissions per capita (tons) vs Renewable energy share (%)",
  "dpi": 100,
  "fig_size": [
    5,
    4
  ],
  "font_size": 10,
  "palette": [
    "#9467bd",
    "#e377c2",
    "#17becf",
    "#66c2a5",
    "#a6cee3",
    "#2ca02c",
    "#d62728",
    "#e78ac3",
    "#1f77b4",
    "#8c564b",
    "#bcbd22",
    "#fc8d62",
    "#8da0cb",
    "#7f7f7f",
    "#ff7f0e"
  ],
  "marker": "o",
  "sample_size": 9,
  "point_size_range": [
    30,
    60
  ],
  "x_ticks": [
    6.0,
    8.0,
    10.0,
    12.0,
    14.0
  ],
  "y_ticks": [
    30.0,
    36.5,
    43.0,
    49.5,
    56.0
  ],
  "x_ticks_encrypted": [
    6.0,
    7.0,
    8.0,
    9.0,
    10.0,
    11.0,
    12.0,
    13.0,
    14.0
  ],
  "y_ticks_encrypted": [
    30.0,
    33.25,
    36.5,
    39.75,
    43.0,
    46.25,
    49.5,
    52.75,
    56.0
  ],
  "series_color": {
    "FRA": [
      "#1f77b4"
    ],
    "PHL": [
      "#ff7f0e"
    ],
    "RUS": [
      "#8da0cb"
    ],
    "CHN": [
      "#17becf"
    ],
    "VNM": [
      "#2ca02c"
    ],
    "IRN": [
      "#e78ac3"
    ],
    "KOR": [
      "#bcbd22"
    ],
    "ZAF": [
      "#e377c2"
    ],
    "BRA": [
      "#a6cee3"
    ]
  },
  "label_perturbations": {
    "FRA": [
      {
        "original": [
          138,
          88
        ],
        "dx": -0.10431769762113974,
        "dy": 0.09075405547709636
      }
    ],
    "PHL": [
      {
        "original": [
          138,
          88
        ],
        "dx": -0.01831146143207052,
        "dy": -0.13759021327657361
      }
    ],
    "RUS": [
      {
        "original": [
          138,
          88
        ],
        "dx": -0.03638282075144006,
        "dy": 0.11988469247007844
      }
    ],
    "CHN": [
      {
        "original": [
          138,
          88
        ],
        "dx": -0.10616197104010948,
        "dy": 0.18169782304789678
      }
    ],
    "VNM": [
      {
        "original": [
          138,
          88
        ],
        "dx": 0.1822021405581266,
        "dy": 0.030977883156489583
      }
    ],
    "IRN": [
      {
        "original": [
          138,
          88
        ],
        "dx": 0.19852463989519759,
        "dy": 0.10154464736855245
      }
    ],
    "KOR": [
      {
        "original": [
          138,
          88
        ],
        "dx": -0.00452673534864792,
        "dy": 0.17344723465229656
      }
    ],
    "ZAF": [
      {
        "original": [
          138,
          88
        ],
        "dx": -0.027663981621148054,
        "dy": -0.08167457957140073
      }
    ],
    "BRA": [
      {
        "original": [
          138,
          88
        ],
        "dx": 0.09423687462912067,
        "dy": 0.1577276594498529
      }
    ]
  }
}