{
  "chart_id": "scatter_053",
  "title": "Literacy rate (%) vs Education spending (% of GDP)",
  "dpi": 100,
  "fig_size": [
    5,
    4
  ],
  "font_size": 10,
  "palette": [
    "#9467bd",
    "#e377c2",
    "#17becf",
    "#66c2a5",
    "#a6cee3",
    "#2ca02c",
    "#d62728",
    "#e78ac3",
    "#1f77b4",
    "#8c564b",
    "#bcbd22",
    "#fc8d62",
    "#8da0cb",
    "#7f7f7f",
    "#ff7f0e"
  ],
  "marker": "s",
  "sample_size": 10,
  "point_size_range": [
    30,
    60
  ],
  "x_ticks": [
    72.0,
    75.5,
    79.0,
    82.5,
    86.0
  ],
  "y_ticks": [
    2.0,
    3.0,
    4.0,
    5.0,
    6.0
  ],
  "x_ticks_encrypted": [
    72.0,
    73.75,
    75.5,
    77.25,
    79.0,
    80.75,
    82.5,
    84.25,
    86.0
  ],
  "y_ticks_encrypted": [
    2.0,
    2.5,
    3.0,
    3.5,
    4.0,
    4.5,
    5.0,
    5.5,
    6.0
  ],
  "series_color": {
    "CHN": [
      "#7f7f7f"
    ],
    "TUR": [
      "#e377c2"
    ],
    "IND": [
      "#1f77b4"
    ],
    "ARG": [
      "#d62728"
    ],
    "NGA": [
      "#8da0cb"
    ],
    "ITA": [
      "#e78ac3"
    ],
    "KOR": [
      "#bcbd22"
    ],
    "CAN": [
      "#9467bd"
    ],
    "IRN": [
      "#a6cee3"
    ],
    "ESP": [
      "#8c564b"
    ]
  },
  "label_perturbations": {
    "CHN": [
      {
        "original": [
          301,
          73
        ],
        "dx": -0.015550132759901636,
        "dy": 0.05080720028718522
      }
    ],
    "TUR": [
      {
        "original": [
          301,
          73
        ],
        "dx": -0.12717435900618007,
        "dy": -0.04723011153509646
      }
    ],
    "IND": [
      {
        "original": [
          301,
          73
        ],
        "dx": 0.1884465592397056,
        "dy": -0.18187899676336672
      }
    ],
    "ARG": [
      {
        "original": [
          301,
          73
        ],
        "dx": -0.16138093646818588,
        "dy": 0.019077655819725703
      }
    ],
    "NGA": [
      {
        "original": [
          301,
          73
        ],
        "dx": -0.16939988182082544,
        "dy": -0.18239320288657623
      }
    ],
    "ITA": [
      {
        "original": [
          301,
          73
        ],
        "dx": -0.055996981299376636,
        "dy": -0.151613418938272
      }
    ],
    "KOR": [
      {
        "original": [
          301,
          73
        ],
        "dx": -0.10988280054978619,
        "dy": -0.08793863572061161
      }
    ],
    "CAN": [
      {
        "original": [
          301,
          73
        ],
        "dx": -0.06931489381282066,
        "dy": -0.02895280964226754
      }
    ],
    "IRN": [
      {
        "original": [
          301,
          73
        ],
        "dx": -0.04165769891909865,
        "dy": 0.015458234105817426
      }
    ],
    "ESP": [
      {
        "original": [
          301,
          73
        ],
        "dx": 0.19441563409263374,
        "dy": -0.09544887380278491
      }
    ]
  }
}