{
  "chart_id": "scatter_019",
  "title": "Working hours/week vs Happiness Index",
  "dpi": 100,
  "fig_size": [
    7,
    5
  ],
  "font_size": 12,
  "palette": [
    "#9467bd",
    "#e377c2",
    "#17becf",
    "#66c2a5",
    "#a6cee3",
    "#2ca02c",
    "#d62728",
    "#e78ac3",
    "#1f77b4",
    "#8c564b",
    "#bcbd22",
    "#fc8d62",
    "#8da0cb",
    "#7f7f7f",
    "#ff7f0e"
  ],
  "marker": "o",
  "sample_size": 12,
  "point_size_range": [
    30,
    60
  ],
  "x_ticks": [
    36.0,
    39.0,
    42.0,
    45.0,
    48.0
  ],
  "y_ticks": [
    4.0,
    4.75,
    5.5,
    6.25,
    7.0
  ],
  "x_ticks_encrypted": [
    36.0,
    37.5,
    39.0,
    40.5,
    42.0,
    43.5,
    45.0,
    46.5,
    48.0
  ],
  "y_ticks_encrypted": [
    4.0,
    4.38,
    4.75,
    5.12,
    5.5,
    5.88,
    6.25,
    6.62,
    7.0
  ],
  "series_color": {
    "IRN": [
      "#8da0cb"
    ],
    "FRA": [
      "#a6cee3"
    ],
    "DEU": [
      "#e78ac3"
    ],
    "ITA": [
      "#d62728"
    ],
    "RUS": [
      "#66c2a5"
    ],
    "PHL": [
      "#1f77b4"
    ],
    "IDN": [
      "#9467bd"
    ],
    "ESP": [
      "#8c564b"
    ],
    "USA": [
      "#bcbd22"
    ],
    "COL": [
      "#2ca02c"
    ],
    "CHN": [
      "#e377c2"
    ],
    "BRA": [
      "#17becf"
    ]
  },
  "label_perturbations": {
    "IRN": [
      {
        "original": [
          326,
          274
        ],
        "dx": -0.029859536116348562,
        "dy": 0.012571080379415595
      }
    ],
    "FRA": [
      {
        "original": [
          326,
          274
        ],
        "dx": -0.14496277803343835,
        "dy": -0.12343112920345455
      }
    ],
    "DEU": [
      {
        "original": [
          326,
          274
        ],
        "dx": -0.06620627213594679,
        "dy": -0.09485840537199458
      }
    ],
    "ITA": [
      {
        "original": [
          326,
          274
        ],
        "dx": 0.06759453893726497,
        "dy": -0.08484784585724277
      }
    ],
    "RUS": [
      {
        "original": [
          326,
          274
        ],
        "dx": 0.17634301386900075,
        "dy": -0.16668709649380223
      }
    ],
    "PHL": [
      {
        "original": [
          326,
          274
        ],
        "dx": -0.04968619134609917,
        "dy": -0.011840861448365075
      }
    ],
    "IDN": [
      {
        "original": [
          326,
          274
        ],
        "dx": -0.06165553734318949,
        "dy": -0.0016747588452944162
      }
    ],
    "ESP": [
      {
        "original": [
          326,
          274
        ],
        "dx": 0.04229792154096873,
        "dy": -0.1466613500954934
      }
    ],
    "USA": [
      {
        "original": [
          326,
          274
        ],
        "dx": 0.09024733852724515,
        "dy": -0.10354807292398238
      }
    ],
    "COL": [
      {
        "original": [
          326,
          274
        ],
        "dx": 0.14799799306615513,
        "dy": -0.14864513686575404
      }
    ],
    "CHN": [
      {
        "original": [
          326,
          274
        ],
        "dx": 0.18125947371096007,
        "dy": 0.03288596685542186
      }
    ],
    "BRA": [
      {
        "original": [
          326,
          274
        ],
        "dx": 0.0004484048640608085,
        "dy": -0.16291222103766936
      }
    ]
  }
}