{
  "chart_id": "scatter_030",
  "title": "GDP per capita (USD) vs Life expectancy (years)",
  "dpi": 200,
  "fig_size": [
    5,
    4
  ],
  "font_size": 8,
  "palette": [
    "#9467bd",
    "#e377c2",
    "#17becf",
    "#66c2a5",
    "#a6cee3",
    "#2ca02c",
    "#d62728",
    "#e78ac3",
    "#1f77b4",
    "#8c564b",
    "#bcbd22",
    "#fc8d62",
    "#8da0cb",
    "#7f7f7f",
    "#ff7f0e"
  ],
  "marker": "*",
  "sample_size": 15,
  "point_size_range": [
    30,
    60
  ],
  "x_ticks": [
    24000.0,
    31000.0,
    38000.0,
    45000.0,
    52000.0
  ],
  "y_ticks": [
    58.0,
    62.5,
    67.0,
    71.5,
    76.0
  ],
  "x_ticks_encrypted": [
    24000.0,
    27500.0,
    31000.0,
    34500.0,
    38000.0,
    41500.0,
    45000.0,
    48500.0,
    52000.0
  ],
  "y_ticks_encrypted": [
    58.0,
    60.25,
    62.5,
    64.75,
    67.0,
    69.25,
    71.5,
    73.75,
    76.0
  ],
  "series_color": {
    "NGA": [
      "#1f77b4"
    ],
    "ARG": [
      "#e377c2"
    ],
    "CHN": [
      "#a6cee3"
    ],
    "KOR": [
      "#66c2a5"
    ],
    "JPN": [
      "#e78ac3"
    ],
    "SAU": [
      "#bcbd22"
    ],
    "THA": [
      "#8c564b"
    ],
    "USA": [
      "#ff7f0e"
    ],
    "EGY": [
      "#2ca02c"
    ],
    "TUR": [
      "#9467bd"
    ],
    "GBR": [
      "#7f7f7f"
    ],
    "FRA": [
      "#17becf"
    ],
    "RUS": [
      "#d62728"
    ],
    "IRN": [
      "#fc8d62"
    ],
    "MEX": [
      "#8da0cb"
    ]
  },
  "label_perturbations": {
    "NGA": [
      {
        "original": [
          708,
          435
        ],
        "dx": -0.0753760008182915,
        "dy": 0.1328008211576237
      }
    ],
    "ARG": [
      {
        "original": [
          708,
          435
        ],
        "dx": -0.11274053678959946,
        "dy": -0.19507714290117306
      }
    ],
    "CHN": [
      {
        "original": [
          708,
          435
        ],
        "dx": 0.14370042663863547,
        "dy": 0.1948740401761621
      }
    ],
    "KOR": [
      {
        "original": [
          708,
          435
        ],
        "dx": -0.14901472430497914,
        "dy": -0.1612629258641317
      }
    ],
    "JPN": [
      {
        "original": [
          708,
          435
        ],
        "dx": 0.09336551870725018,
        "dy": 0.07708454571933543
      }
    ],
    "SAU": [
      {
        "original": [
          708,
          435
        ],
        "dx": 0.0586852079367467,
        "dy": 0.054102844349086576
      }
    ],
    "THA": [
      {
        "original": [
          708,
          435
        ],
        "dx": -0.10822569433110987,
        "dy": -0.18658294644519735
      }
    ],
    "USA": [
      {
        "original": [
          708,
          435
        ],
        "dx": 0.08042593766266315,
        "dy": -0.18698473913118774
      }
    ],
    "EGY": [
      {
        "original": [
          708,
          435
        ],
        "dx": -0.13761499910233904,
        "dy": 0.18356791666435568
      }
    ],
    "TUR": [
      {
        "original": [
          708,
          435
        ],
        "dx": 0.1428918153161371,
        "dy": 0.026596565714439274
      }
    ],
    "GBR": [
      {
        "original": [
          708,
          435
        ],
        "dx": -0.1844383559316951,
        "dy": 0.03232073816807768
      }
    ],
    "FRA": [
      {
        "original": [
          708,
          435
        ],
        "dx": 0.021284821991324643,
        "dy": 0.0843458147757482
      }
    ],
    "RUS": [
      {
        "original": [
          708,
          435
        ],
        "dx": -0.17785617537044418,
        "dy": -0.19502350071668495
      }
    ],
    "IRN": [
      {
        "original": [
          708,
          435
        ],
        "dx": 0.09604658846298392,
        "dy": -0.1151989393278953
      }
    ],
    "MEX": [
      {
        "original": [
          708,
          435
        ],
        "dx": 0.13160009996381578,
        "dy": -0.08215600317893466
      }
    ]
  }
}