{
  "chart_id": "scatter_028",
  "title": "Urbanization rate (%) vs Population density",
  "dpi": 100,
  "fig_size": [
    7,
    5
  ],
  "font_size": 10,
  "palette": [
    "#9467bd",
    "#e377c2",
    "#17becf",
    "#66c2a5",
    "#a6cee3",
    "#2ca02c",
    "#d62728",
    "#e78ac3",
    "#1f77b4",
    "#8c564b",
    "#bcbd22",
    "#fc8d62",
    "#8da0cb",
    "#7f7f7f",
    "#ff7f0e"
  ],
  "marker": "^",
  "sample_size": 14,
  "point_size_range": [
    30,
    60
  ],
  "x_ticks": [
    48.0,
    54.5,
    61.0,
    67.5,
    74.0
  ],
  "y_ticks": [
    800.0,
    1100.0,
    1400.0,
    1700.0,
    2000.0
  ],
  "x_ticks_encrypted": [
    48.0,
    51.25,
    54.5,
    57.75,
    61.0,
    64.25,
    67.5,
    70.75,
    74.0
  ],
  "y_ticks_encrypted": [
    800.0,
    950.0,
    1100.0,
    1250.0,
    1400.0,
    1550.0,
    1700.0,
    1850.0,
    2000.0
  ],
  "series_color": {
    "JPN": [
      "#ff7f0e"
    ],
    "ARG": [
      "#e377c2"
    ],
    "UKR": [
      "#1f77b4"
    ],
    "COL": [
      "#d62728"
    ],
    "TUR": [
      "#66c2a5"
    ],
    "FRA": [
      "#e78ac3"
    ],
    "CAN": [
      "#fc8d62"
    ],
    "THA": [
      "#17becf"
    ],
    "SAU": [
      "#7f7f7f"
    ],
    "ZAF": [
      "#9467bd"
    ],
    "AUS": [
      "#8c564b"
    ],
    "USA": [
      "#8da0cb"
    ],
    "KOR": [
      "#a6cee3"
    ],
    "NGA": [
      "#2ca02c"
    ]
  },
  "label_perturbations": {
    "JPN": [
      {
        "original": [
          173,
          164
        ],
        "dx": -0.16545429030269712,
        "dy": -0.0665392635422962
      }
    ],
    "ARG": [
      {
        "original": [
          173,
          164
        ],
        "dx": -0.06038753505720479,
        "dy": -0.18864787379575632
      }
    ],
    "UKR": [
      {
        "original": [
          173,
          164
        ],
        "dx": -0.03567122267318812,
        "dy": 0.18069897693942666
      }
    ],
    "COL": [
      {
        "original": [
          173,
          164
        ],
        "dx": -0.014915284591760669,
        "dy": 0.06455823240681396
      }
    ],
    "TUR": [
      {
        "original": [
          173,
          164
        ],
        "dx": -0.10220333566496081,
        "dy": 0.08784347227357436
      }
    ],
    "FRA": [
      {
        "original": [
          173,
          164
        ],
        "dx": 0.14693612226085773,
        "dy": 0.17059512074879674
      }
    ],
    "CAN": [
      {
        "original": [
          173,
          164
        ],
        "dx": -0.051094387527446467,
        "dy": 0.11089913604096441
      }
    ],
    "THA": [
      {
        "original": [
          173,
          164
        ],
        "dx": -0.06624630704056553,
        "dy": 0.15682806349383166
      }
    ],
    "SAU": [
      {
        "original": [
          173,
          164
        ],
        "dx": 0.04707619355354892,
        "dy": 0.02533152759061935
      }
    ],
    "ZAF": [
      {
        "original": [
          173,
          164
        ],
        "dx": 0.012385761652023541,
        "dy": -0.03749161301869339
      }
    ],
    "AUS": [
      {
        "original": [
          173,
          164
        ],
        "dx": 0.040239315461348235,
        "dy": -0.011327061984433534
      }
    ],
    "USA": [
      {
        "original": [
          173,
          164
        ],
        "dx": -0.09474300346338596,
        "dy": -0.11000546267000387
      }
    ],
    "KOR": [
      {
        "original": [
          173,
          164
        ],
        "dx": -0.1152211493062949,
        "dy": 0.008667397434443502
      }
    ],
    "NGA": [
      {
        "original": [
          173,
          164
        ],
        "dx": -0.012392069811183515,
        "dy": 0.09305900778708825
      }
    ]
  }
}