{
  "chart_id": "scatter_013",
  "title": "Literacy rate (%) vs Education spending (% of GDP)",
  "dpi": 100,
  "fig_size": [
    7,
    5
  ],
  "font_size": 12,
  "palette": [
    "#f0c2c2",
    "#6a3d9a",
    "#c2c2f0",
    "#b15928",
    "#cab2d6",
    "#c2f0c2",
    "#fb9a99",
    "#fdbf6f",
    "#33a02c",
    "#b2df8a",
    "#8dd3c7",
    "#ff7f00",
    "#ffb3e6",
    "#ffff99",
    "#e31a1c"
  ],
  "marker": "s",
  "sample_size": 10,
  "point_size_range": [
    30,
    60
  ],
  "x_ticks": [
    74.0,
    78.0,
    82.0,
    86.0,
    90.0
  ],
  "y_ticks": [
    3.0,
    3.75,
    4.5,
    5.25,
    6.0
  ],
  "x_ticks_encrypted": [
    74.0,
    76.0,
    78.0,
    80.0,
    82.0,
    84.0,
    86.0,
    88.0,
    90.0
  ],
  "y_ticks_encrypted": [
    3.0,
    3.38,
    3.75,
    4.12,
    4.5,
    4.88,
    5.25,
    5.62,
    6.0
  ],
  "series_color": {
    "BRA": [
      "#cab2d6"
    ],
    "ZAF": [
      "#8dd3c7"
    ],
    "VNM": [
      "#ffb3e6"
    ],
    "UKR": [
      "#c2c2f0"
    ],
    "THA": [
      "#b2df8a"
    ],
    "PAK": [
      "#c2f0c2"
    ],
    "EGY": [
      "#fb9a99"
    ],
    "GBR": [
      "#fdbf6f"
    ],
    "ARG": [
      "#e31a1c"
    ],
    "KOR": [
      "#33a02c"
    ]
  },
  "label_perturbations": {
    "BRA": [
      {
        "original": [
          430,
          175
        ],
        "dx": 0.15171679781132075,
        "dy": 0.08216339138028628
      }
    ],
    "ZAF": [
      {
        "original": [
          430,
          175
        ],
        "dx": 0.14283603484826268,
        "dy": 0.1968625249791059
      }
    ],
    "VNM": [
      {
        "original": [
          430,
          175
        ],
        "dx": -0.06281257026530482,
        "dy": 0.17207163307513662
      }
    ],
    "UKR": [
      {
        "original": [
          430,
          175
        ],
        "dx": -0.1437558095560137,
        "dy": 0.18732836717003148
      }
    ],
    "THA": [
      {
        "original": [
          430,
          175
        ],
        "dx": 0.14231119402103387,
        "dy": -0.037801819437009165
      }
    ],
    "PAK": [
      {
        "original": [
          430,
          175
        ],
        "dx": 0.08223997846925118,
        "dy": 0.10123359770974799
      }
    ],
    "EGY": [
      {
        "original": [
          430,
          175
        ],
        "dx": 0.020350715152039983,
        "dy": 0.1948631029314542
      }
    ],
    "GBR": [
      {
        "original": [
          430,
          175
        ],
        "dx": -0.13444856345954864,
        "dy": -0.06609956357177285
      }
    ],
    "ARG": [
      {
        "original": [
          430,
          175
        ],
        "dx": -0.0015347843448854648,
        "dy": -0.017836862109442908
      }
    ],
    "KOR": [
      {
        "original": [
          430,
          175
        ],
        "dx": -0.1392809188163866,
        "dy": -0.18791071939906734
      }
    ]
  }
}