{
  "chart_id": "scatter_049",
  "title": "Working hours/week vs Happiness Index",
  "dpi": 200,
  "fig_size": [
    5,
    4
  ],
  "font_size": 10,
  "palette": [
    "#9467bd",
    "#e377c2",
    "#17becf",
    "#66c2a5",
    "#a6cee3",
    "#2ca02c",
    "#d62728",
    "#e78ac3",
    "#1f77b4",
    "#8c564b",
    "#bcbd22",
    "#fc8d62",
    "#8da0cb",
    "#7f7f7f",
    "#ff7f0e"
  ],
  "marker": "D",
  "sample_size": 9,
  "point_size_range": [
    30,
    60
  ],
  "x_ticks": [
    40.0,
    42.5,
    45.0,
    47.5,
    50.0
  ],
  "y_ticks": [
    5.0,
    5.75,
    6.5,
    7.25,
    8.0
  ],
  "x_ticks_encrypted": [
    40.0,
    41.25,
    42.5,
    43.75,
    45.0,
    46.25,
    47.5,
    48.75,
    50.0
  ],
  "y_ticks_encrypted": [
    5.0,
    5.38,
    5.75,
    6.12,
    6.5,
    6.88,
    7.25,
    7.62,
    8.0
  ],
  "series_color": {
    "FRA": [
      "#8c564b"
    ],
    "DEU": [
      "#9467bd"
    ],
    "PHL": [
      "#17becf"
    ],
    "POL": [
      "#fc8d62"
    ],
    "ARG": [
      "#8da0cb"
    ],
    "JPN": [
      "#ff7f0e"
    ],
    "IRN": [
      "#d62728"
    ],
    "MEX": [
      "#66c2a5"
    ],
    "UKR": [
      "#2ca02c"
    ]
  },
  "label_perturbations": {
    "FRA": [
      {
        "original": [
          420,
          470
        ],
        "dx": -0.10226772310533963,
        "dy": -0.09819857798473808
      }
    ],
    "DEU": [
      {
        "original": [
          420,
          470
        ],
        "dx": 0.05663613848267107,
        "dy": -0.1519416258747644
      }
    ],
    "PHL": [
      {
        "original": [
          420,
          470
        ],
        "dx": -0.08121299122639769,
        "dy": 0.12459400947155758
      }
    ],
    "POL": [
      {
        "original": [
          420,
          470
        ],
        "dx": -0.13184934511753132,
        "dy": -0.10908389991664746
      }
    ],
    "ARG": [
      {
        "original": [
          420,
          470
        ],
        "dx": -0.18117357722007923,
        "dy": 0.14584626712403365
      }
    ],
    "JPN": [
      {
        "original": [
          420,
          470
        ],
        "dx": 0.046066275488827524,
        "dy": 0.13410068463714625
      }
    ],
    "IRN": [
      {
        "original": [
          420,
          470
        ],
        "dx": -0.03319247786922164,
        "dy": -0.03721381782853536
      }
    ],
    "MEX": [
      {
        "original": [
          420,
          470
        ],
        "dx": -0.07118084535223343,
        "dy": 0.12941657625213837
      }
    ],
    "UKR": [
      {
        "original": [
          420,
          470
        ],
        "dx": 0.03573558849547237,
        "dy": -0.08422588738693251
      }
    ]
  }
}