{
  "chart_id": "scatter_025",
  "title": "Internet penetration (%) vs GDP per capita (USD)",
  "dpi": 100,
  "fig_size": [
    7,
    5
  ],
  "font_size": 12,
  "palette": [
    "#9467bd",
    "#e377c2",
    "#17becf",
    "#66c2a5",
    "#a6cee3",
    "#2ca02c",
    "#d62728",
    "#e78ac3",
    "#1f77b4",
    "#8c564b",
    "#bcbd22",
    "#fc8d62",
    "#8da0cb",
    "#7f7f7f",
    "#ff7f0e"
  ],
  "marker": "s",
  "sample_size": 13,
  "point_size_range": [
    30,
    60
  ],
  "x_ticks": [
    44.0,
    51.0,
    58.0,
    65.0,
    72.0
  ],
  "y_ticks": [
    24000.0,
    32000.0,
    40000.0,
    48000.0,
    56000.0
  ],
  "x_ticks_encrypted": [
    44.0,
    47.5,
    51.0,
    54.5,
    58.0,
    61.5,
    65.0,
    68.5,
    72.0
  ],
  "y_ticks_encrypted": [
    24000.0,
    28000.0,
    32000.0,
    36000.0,
    40000.0,
    44000.0,
    48000.0,
    52000.0,
    56000.0
  ],
  "series_color": {
    "ZAF": [
      "#2ca02c"
    ],
    "AUS": [
      "#9467bd"
    ],
    "RUS": [
      "#8c564b"
    ],
    "ITA": [
      "#7f7f7f"
    ],
    "UKR": [
      "#66c2a5"
    ],
    "VNM": [
      "#1f77b4"
    ],
    "CHN": [
      "#a6cee3"
    ],
    "TUR": [
      "#8da0cb"
    ],
    "GBR": [
      "#e78ac3"
    ],
    "ESP": [
      "#e377c2"
    ],
    "CAN": [
      "#17becf"
    ],
    "COL": [
      "#bcbd22"
    ],
    "KOR": [
      "#ff7f0e"
    ]
  },
  "label_perturbations": {
    "ZAF": [
      {
        "original": [
          472,
          347
        ],
        "dx": 0.050934059842951795,
        "dy": 0.09270429343938857
      }
    ],
    "AUS": [
      {
        "original": [
          472,
          347
        ],
        "dx": -0.12093816920085582,
        "dy": 0.11597179026879928
      }
    ],
    "RUS": [
      {
        "original": [
          472,
          347
        ],
        "dx": -0.08613541850546298,
        "dy": -0.09515126413412972
      }
    ],
    "ITA": [
      {
        "original": [
          472,
          347
        ],
        "dx": 0.07786702709244542,
        "dy": 0.0240595348884034
      }
    ],
    "UKR": [
      {
        "original": [
          472,
          347
        ],
        "dx": 0.1883764641075319,
        "dy": -0.14035599047928354
      }
    ],
    "VNM": [
      {
        "original": [
          472,
          347
        ],
        "dx": 0.1596288967921144,
        "dy": 0.1670059326514109
      }
    ],
    "CHN": [
      {
        "original": [
          472,
          347
        ],
        "dx": 0.0712118689191617,
        "dy": -0.029062619988083987
      }
    ],
    "TUR": [
      {
        "original": [
          472,
          347
        ],
        "dx": -0.035250476161747646,
        "dy": 0.03239222814889939
      }
    ],
    "GBR": [
      {
        "original": [
          472,
          347
        ],
        "dx": 0.00433275845985745,
        "dy": 0.030988067787175833
      }
    ],
    "ESP": [
      {
        "original": [
          472,
          347
        ],
        "dx": -0.0397374830512125,
        "dy": -0.14379506174084955
      }
    ],
    "CAN": [
      {
        "original": [
          472,
          347
        ],
        "dx": -0.13457421642303458,
        "dy": 0.16322559751340715
      }
    ],
    "COL": [
      {
        "original": [
          472,
          347
        ],
        "dx": -0.16341000766285282,
        "dy": -0.01871130065323534
      }
    ],
    "KOR": [
      {
        "original": [
          472,
          347
        ],
        "dx": 0.19458732828509884,
        "dy": -0.0784538688697678
      }
    ]
  }
}