{
  "chart_id": "scatter_002",
  "title": "Health expenditure per capita (USD) vs Life expectancy (years)",
  "dpi": 200,
  "fig_size": [
    5,
    4
  ],
  "font_size": 10,
  "palette": [
    "#f0c2c2",
    "#6a3d9a",
    "#c2c2f0",
    "#b15928",
    "#cab2d6",
    "#c2f0c2",
    "#fb9a99",
    "#fdbf6f",
    "#33a02c",
    "#b2df8a",
    "#8dd3c7",
    "#ff7f00",
    "#ffb3e6",
    "#ffff99",
    "#e31a1c"
  ],
  "marker": "o",
  "sample_size": 14,
  "point_size_range": [
    30,
    60
  ],
  "x_ticks": [
    4400.0,
    5750.0,
    7100.0,
    8450.0,
    9800.0
  ],
  "y_ticks": [
    64.0,
    66.5,
    69.0,
    71.5,
    74.0
  ],
  "x_ticks_encrypted": [
    4400.0,
    5075.0,
    5750.0,
    6425.0,
    7100.0,
    7775.0,
    8450.0,
    9125.0,
    9800.0
  ],
  "y_ticks_encrypted": [
    64.0,
    65.25,
    66.5,
    67.75,
    69.0,
    70.25,
    71.5,
    72.75,
    74.0
  ],
  "series_color": {
    "USA": [
      "#f0c2c2"
    ],
    "KOR": [
      "#c2c2f0"
    ],
    "DEU": [
      "#8dd3c7"
    ],
    "THA": [
      "#ffff99"
    ],
    "EGY": [
      "#fdbf6f"
    ],
    "RUS": [
      "#e31a1c"
    ],
    "IND": [
      "#6a3d9a"
    ],
    "NGA": [
      "#ff7f00"
    ],
    "JPN": [
      "#c2f0c2"
    ],
    "COL": [
      "#cab2d6"
    ],
    "PHL": [
      "#b15928"
    ],
    "GBR": [
      "#fb9a99"
    ],
    "SAU": [
      "#b2df8a"
    ],
    "ITA": [
      "#33a02c"
    ]
  },
  "label_perturbations": {
    "USA": [
      {
        "original": [
          510,
          421
        ],
        "dx": 0.12925310124329664,
        "dy": 0.15115423589935884
      }
    ],
    "KOR": [
      {
        "original": [
          510,
          421
        ],
        "dx": 0.0428377163451302,
        "dy": -0.11610074410375854
      }
    ],
    "DEU": [
      {
        "original": [
          510,
          421
        ],
        "dx": -0.012334563270636256,
        "dy": -0.12195077554827455
      }
    ],
    "THA": [
      {
        "original": [
          510,
          421
        ],
        "dx": -0.009226680175114244,
        "dy": -0.14394985711818134
      }
    ],
    "EGY": [
      {
        "original": [
          510,
          421
        ],
        "dx": -0.019356848944005633,
        "dy": -0.1907406177974195
      }
    ],
    "RUS": [
      {
        "original": [
          510,
          421
        ],
        "dx": 0.025388500829691962,
        "dy": 0.1957165681560446
      }
    ],
    "IND": [
      {
        "original": [
          510,
          421
        ],
        "dx": -0.07308924079941134,
        "dy": 0.11545310579276324
      }
    ],
    "NGA": [
      {
        "original": [
          510,
          421
        ],
        "dx": -0.09087156777001609,
        "dy": -0.16530450407594577
      }
    ],
    "JPN": [
      {
        "original": [
          510,
          421
        ],
        "dx": -0.14339304430597874,
        "dy": -0.15516783251072438
      }
    ],
    "COL": [
      {
        "original": [
          510,
          421
        ],
        "dx": -0.07160460733271945,
        "dy": 0.0806652330803454
      }
    ],
    "PHL": [
      {
        "original": [
          510,
          421
        ],
        "dx": 0.19068262383246093,
        "dy": 0.15780850580839417
      }
    ],
    "GBR": [
      {
        "original": [
          510,
          421
        ],
        "dx": 0.0918226432325478,
        "dy": -0.16562227654928718
      }
    ],
    "SAU": [
      {
        "original": [
          510,
          421
        ],
        "dx": 0.022177901838659475,
        "dy": 0.08268649736491884
      }
    ],
    "ITA": [
      {
        "original": [
          510,
          421
        ],
        "dx": 0.015710637023880203,
        "dy": 0.10817369149705758
      }
    ]
  }
}