{
  "chart_id": "scatter_023",
  "title": "Literacy rate (%) vs Education spending (% of GDP)",
  "dpi": 100,
  "fig_size": [
    5,
    4
  ],
  "font_size": 10,
  "palette": [
    "#9467bd",
    "#e377c2",
    "#17becf",
    "#66c2a5",
    "#a6cee3",
    "#2ca02c",
    "#d62728",
    "#e78ac3",
    "#1f77b4",
    "#8c564b",
    "#bcbd22",
    "#fc8d62",
    "#8da0cb",
    "#7f7f7f",
    "#ff7f0e"
  ],
  "marker": "*",
  "sample_size": 8,
  "point_size_range": [
    30,
    60
  ],
  "x_ticks": [
    76.0,
    79.5,
    83.0,
    86.5,
    90.0
  ],
  "y_ticks": [
    3.0,
    3.5,
    4.0,
    4.5,
    5.0
  ],
  "x_ticks_encrypted": [
    76.0,
    77.75,
    79.5,
    81.25,
    83.0,
    84.75,
    86.5,
    88.25,
    90.0
  ],
  "y_ticks_encrypted": [
    3.0,
    3.25,
    3.5,
    3.75,
    4.0,
    4.25,
    4.5,
    4.75,
    5.0
  ],
  "series_color": {
    "BRA": [
      "#fc8d62"
    ],
    "PHL": [
      "#bcbd22"
    ],
    "DEU": [
      "#9467bd"
    ],
    "ZAF": [
      "#1f77b4"
    ],
    "ITA": [
      "#e377c2"
    ],
    "NGA": [
      "#a6cee3"
    ],
    "IDN": [
      "#7f7f7f"
    ],
    "ESP": [
      "#8da0cb"
    ]
  },
  "label_perturbations": {
    "BRA": [
      {
        "original": [
          437,
          142
        ],
        "dx": -0.0004987064246206319,
        "dy": -0.17541137402784376
      }
    ],
    "PHL": [
      {
        "original": [
          437,
          142
        ],
        "dx": -0.129854272860916,
        "dy": 0.06997281932389104
      }
    ],
    "DEU": [
      {
        "original": [
          437,
          142
        ],
        "dx": -0.16178210458141065,
        "dy": 0.18540086630059116
      }
    ],
    "ZAF": [
      {
        "original": [
          437,
          142
        ],
        "dx": -0.18294841757194458,
        "dy": 0.09603252532416218
      }
    ],
    "ITA": [
      {
        "original": [
          437,
          142
        ],
        "dx": 0.07777204749540173,
        "dy": 0.04717442302230457
      }
    ],
    "NGA": [
      {
        "original": [
          437,
          142
        ],
        "dx": 0.08444128273504542,
        "dy": -0.037939882192226604
      }
    ],
    "IDN": [
      {
        "original": [
          437,
          142
        ],
        "dx": -0.15811289377808616,
        "dy": 0.05106614304905355
      }
    ],
    "ESP": [
      {
        "original": [
          437,
          142
        ],
        "dx": 0.10664242532702706,
        "dy": -0.11795715336224828
      }
    ]
  }
}