{
  "chart_id": "scatter_045",
  "title": "Internet penetration (%) vs GDP per capita (USD)",
  "dpi": 100,
  "fig_size": [
    5,
    4
  ],
  "font_size": 10,
  "palette": [
    "#f0c2c2",
    "#6a3d9a",
    "#c2c2f0",
    "#b15928",
    "#cab2d6",
    "#c2f0c2",
    "#fb9a99",
    "#fdbf6f",
    "#33a02c",
    "#b2df8a",
    "#8dd3c7",
    "#ff7f00",
    "#ffb3e6",
    "#ffff99",
    "#e31a1c"
  ],
  "marker": "v",
  "sample_size": 9,
  "point_size_range": [
    30,
    60
  ],
  "x_ticks": [
    36.0,
    44.0,
    52.0,
    60.0,
    68.0
  ],
  "y_ticks": [
    24000.0,
    30000.0,
    36000.0,
    42000.0,
    48000.0
  ],
  "x_ticks_encrypted": [
    36.0,
    40.0,
    44.0,
    48.0,
    52.0,
    56.0,
    60.0,
    64.0,
    68.0
  ],
  "y_ticks_encrypted": [
    24000.0,
    27000.0,
    30000.0,
    33000.0,
    36000.0,
    39000.0,
    42000.0,
    45000.0,
    48000.0
  ],
  "series_color": {
    "MEX": [
      "#6a3d9a"
    ],
    "CAN": [
      "#b15928"
    ],
    "VNM": [
      "#ff7f00"
    ],
    "KOR": [
      "#e31a1c"
    ],
    "PAK": [
      "#b2df8a"
    ],
    "IRN": [
      "#cab2d6"
    ],
    "ESP": [
      "#fb9a99"
    ],
    "CHN": [
      "#c2c2f0"
    ],
    "BRA": [
      "#8dd3c7"
    ]
  },
  "label_perturbations": {
    "MEX": [
      {
        "original": [
          232,
          74
        ],
        "dx": -0.09258817226965262,
        "dy": -0.04338903738633476
      }
    ],
    "CAN": [
      {
        "original": [
          232,
          74
        ],
        "dx": 0.11236821438997086,
        "dy": 0.16090754694740989
      }
    ],
    "VNM": [
      {
        "original": [
          232,
          74
        ],
        "dx": 0.09550752935022411,
        "dy": 0.11676145749824335
      }
    ],
    "KOR": [
      {
        "original": [
          232,
          74
        ],
        "dx": 0.05858030612142823,
        "dy": 0.10192426137293414
      }
    ],
    "PAK": [
      {
        "original": [
          232,
          74
        ],
        "dx": 0.10419868020528761,
        "dy": -0.1565356755405084
      }
    ],
    "IRN": [
      {
        "original": [
          232,
          74
        ],
        "dx": -0.07597527908405458,
        "dy": -0.04893159700564226
      }
    ],
    "ESP": [
      {
        "original": [
          232,
          74
        ],
        "dx": -0.01947812475275329,
        "dy": -0.02351041323921005
      }
    ],
    "CHN": [
      {
        "original": [
          232,
          74
        ],
        "dx": -0.027150178847434425,
        "dy": -0.07296483597570319
      }
    ],
    "BRA": [
      {
        "original": [
          232,
          74
        ],
        "dx": -0.18647847879783452,
        "dy": 0.08076458705941653
      }
    ]
  }
}