{
  "chart_id": "scatter_055",
  "title": "Internet penetration (%) vs GDP per capita (USD)",
  "dpi": 100,
  "fig_size": [
    5,
    4
  ],
  "font_size": 12,
  "palette": [
    "#9467bd",
    "#e377c2",
    "#17becf",
    "#66c2a5",
    "#a6cee3",
    "#2ca02c",
    "#d62728",
    "#e78ac3",
    "#1f77b4",
    "#8c564b",
    "#bcbd22",
    "#fc8d62",
    "#8da0cb",
    "#7f7f7f",
    "#ff7f0e"
  ],
  "marker": "v",
  "sample_size": 12,
  "point_size_range": [
    30,
    60
  ],
  "x_ticks": [
    36.0,
    45.0,
    54.0,
    63.0,
    72.0
  ],
  "y_ticks": [
    32000.0,
    40000.0,
    48000.0,
    56000.0,
    64000.0
  ],
  "x_ticks_encrypted": [
    36.0,
    40.5,
    45.0,
    49.5,
    54.0,
    58.5,
    63.0,
    67.5,
    72.0
  ],
  "y_ticks_encrypted": [
    32000.0,
    36000.0,
    40000.0,
    44000.0,
    48000.0,
    52000.0,
    56000.0,
    60000.0,
    64000.0
  ],
  "series_color": {
    "POL": [
      "#e78ac3"
    ],
    "PHL": [
      "#7f7f7f"
    ],
    "THA": [
      "#2ca02c"
    ],
    "CAN": [
      "#a6cee3"
    ],
    "EGY": [
      "#d62728"
    ],
    "RUS": [
      "#8c564b"
    ],
    "NGA": [
      "#8da0cb"
    ],
    "IRN": [
      "#17becf"
    ],
    "ZAF": [
      "#1f77b4"
    ],
    "FRA": [
      "#66c2a5"
    ],
    "BRA": [
      "#bcbd22"
    ],
    "IND": [
      "#9467bd"
    ]
  },
  "label_perturbations": {
    "POL": [
      {
        "original": [
          199,
          249
        ],
        "dx": -0.15987105057590198,
        "dy": 0.12418873737549457
      }
    ],
    "PHL": [
      {
        "original": [
          199,
          249
        ],
        "dx": 0.18192949769137062,
        "dy": 0.06821831926897576
      }
    ],
    "THA": [
      {
        "original": [
          199,
          249
        ],
        "dx": -0.08596920108035998,
        "dy": -0.05771293075102252
      }
    ],
    "CAN": [
      {
        "original": [
          199,
          249
        ],
        "dx": 0.17159102240832186,
        "dy": -0.0909409746133997
      }
    ],
    "EGY": [
      {
        "original": [
          199,
          249
        ],
        "dx": 0.023783013550733256,
        "dy": 0.038566999081909026
      }
    ],
    "RUS": [
      {
        "original": [
          199,
          249
        ],
        "dx": -0.18815166114575432,
        "dy": 0.08103480274206398
      }
    ],
    "NGA": [
      {
        "original": [
          199,
          249
        ],
        "dx": 0.17958067185374377,
        "dy": -0.07956053864963947
      }
    ],
    "IRN": [
      {
        "original": [
          199,
          249
        ],
        "dx": -0.15338263898995083,
        "dy": 0.17848567859806036
      }
    ],
    "ZAF": [
      {
        "original": [
          199,
          249
        ],
        "dx": 0.03051744889616298,
        "dy": 0.15660249069886306
      }
    ],
    "FRA": [
      {
        "original": [
          199,
          249
        ],
        "dx": -0.026291219063909077,
        "dy": 0.12882514587645216
      }
    ],
    "BRA": [
      {
        "original": [
          199,
          249
        ],
        "dx": -0.036543436900788207,
        "dy": 0.09829479775585809
      }
    ],
    "IND": [
      {
        "original": [
          199,
          249
        ],
        "dx": -0.1735929001486498,
        "dy": 0.07786462637378488
      }
    ]
  }
}