{
  "chart_id": "scatter_066",
  "title": "R&D spending (% of GDP) vs Patent applications",
  "dpi": 200,
  "fig_size": [
    7,
    5
  ],
  "font_size": 12,
  "palette": [
    "#9467bd",
    "#e377c2",
    "#17becf",
    "#66c2a5",
    "#a6cee3",
    "#2ca02c",
    "#d62728",
    "#e78ac3",
    "#1f77b4",
    "#8c564b",
    "#bcbd22",
    "#fc8d62",
    "#8da0cb",
    "#7f7f7f",
    "#ff7f0e"
  ],
  "marker": "*",
  "sample_size": 13,
  "point_size_range": [
    30,
    60
  ],
  "x_ticks": [
    2.0,
    2.5,
    3.0,
    3.5,
    4.0
  ],
  "y_ticks": [
    8800.0,
    10800.0,
    12800.0,
    14800.0,
    16800.0
  ],
  "x_ticks_encrypted": [
    2.0,
    2.25,
    2.5,
    2.75,
    3.0,
    3.25,
    3.5,
    3.75,
    4.0
  ],
  "y_ticks_encrypted": [
    8800.0,
    9800.0,
    10800.0,
    11800.0,
    12800.0,
    13800.0,
    14800.0,
    15800.0,
    16800.0
  ],
  "series_color": {
    "PAK": [
      "#66c2a5"
    ],
    "JPN": [
      "#17becf"
    ],
    "CAN": [
      "#9467bd"
    ],
    "THA": [
      "#2ca02c"
    ],
    "NGA": [
      "#bcbd22"
    ],
    "ARG": [
      "#ff7f0e"
    ],
    "ITA": [
      "#d62728"
    ],
    "KOR": [
      "#e78ac3"
    ],
    "BRA": [
      "#8da0cb"
    ],
    "UKR": [
      "#8c564b"
    ],
    "EGY": [
      "#1f77b4"
    ],
    "IRN": [
      "#fc8d62"
    ],
    "ZAF": [
      "#e377c2"
    ]
  },
  "label_perturbations": {
    "PAK": [
      {
        "original": [
          509,
          392
        ],
        "dx": 0.08351423295794874,
        "dy": 0.19954646326527115
      }
    ],
    "JPN": [
      {
        "original": [
          509,
          392
        ],
        "dx": 0.08999121942775973,
        "dy": 0.15819533896760968
      }
    ],
    "CAN": [
      {
        "original": [
          509,
          392
        ],
        "dx": -0.01772768754044271,
        "dy": 0.10499363008055973
      }
    ],
    "THA": [
      {
        "original": [
          509,
          392
        ],
        "dx": -0.06036607646742029,
        "dy": -0.04960085755938942
      }
    ],
    "NGA": [
      {
        "original": [
          509,
          392
        ],
        "dx": 0.003720023528240135,
        "dy": 0.14237725267216667
      }
    ],
    "ARG": [
      {
        "original": [
          509,
          392
        ],
        "dx": 0.10808701777322027,
        "dy": -0.08975268101496492
      }
    ],
    "ITA": [
      {
        "original": [
          509,
          392
        ],
        "dx": -0.10867692453737231,
        "dy": -0.1286386718015352
      }
    ],
    "KOR": [
      {
        "original": [
          509,
          392
        ],
        "dx": -0.19503513313977294,
        "dy": 0.1447698748441969
      }
    ],
    "BRA": [
      {
        "original": [
          509,
          392
        ],
        "dx": 0.11865057575643351,
        "dy": -0.10744169234466644
      }
    ],
    "UKR": [
      {
        "original": [
          509,
          392
        ],
        "dx": -0.0891219814437949,
        "dy": 0.16235704957139147
      }
    ],
    "EGY": [
      {
        "original": [
          509,
          392
        ],
        "dx": -0.05905910666797079,
        "dy": -0.0900822253763026
      }
    ],
    "IRN": [
      {
        "original": [
          509,
          392
        ],
        "dx": 0.17492000745313946,
        "dy": 0.08192873825451824
      }
    ],
    "ZAF": [
      {
        "original": [
          509,
          392
        ],
        "dx": 0.15776380256973566,
        "dy": 0.18283223338905408
      }
    ]
  }
}