{
  "chart_id": "scatter_072",
  "title": "Health expenditure per capita (USD) vs Life expectancy (years)",
  "dpi": 100,
  "fig_size": [
    7,
    5
  ],
  "font_size": 10,
  "palette": [
    "#f0c2c2",
    "#6a3d9a",
    "#c2c2f0",
    "#b15928",
    "#cab2d6",
    "#c2f0c2",
    "#fb9a99",
    "#fdbf6f",
    "#33a02c",
    "#b2df8a",
    "#8dd3c7",
    "#ff7f00",
    "#ffb3e6",
    "#ffff99",
    "#e31a1c"
  ],
  "marker": "*",
  "sample_size": 8,
  "point_size_range": [
    30,
    60
  ],
  "x_ticks": [
    5400.0,
    6200.0,
    7000.0,
    7800.0,
    8600.0
  ],
  "y_ticks": [
    62.0,
    65.0,
    68.0,
    71.0,
    74.0
  ],
  "x_ticks_encrypted": [
    5400.0,
    5800.0,
    6200.0,
    6600.0,
    7000.0,
    7400.0,
    7800.0,
    8200.0,
    8600.0
  ],
  "y_ticks_encrypted": [
    62.0,
    63.5,
    65.0,
    66.5,
    68.0,
    69.5,
    71.0,
    72.5,
    74.0
  ],
  "series_color": {
    "NGA": [
      "#ffff99"
    ],
    "EGY": [
      "#ffb3e6"
    ],
    "MEX": [
      "#33a02c"
    ],
    "ESP": [
      "#b15928"
    ],
    "UKR": [
      "#f0c2c2"
    ],
    "CHN": [
      "#ff7f00"
    ],
    "ZAF": [
      "#cab2d6"
    ],
    "IND": [
      "#6a3d9a"
    ]
  },
  "label_perturbations": {
    "NGA": [
      {
        "original": [
          635,
          288
        ],
        "dx": -0.08176968816557442,
        "dy": 0.15912105251679892
      }
    ],
    "EGY": [
      {
        "original": [
          635,
          288
        ],
        "dx": 0.15760585216197914,
        "dy": -0.06627428247526432
      }
    ],
    "MEX": [
      {
        "original": [
          635,
          288
        ],
        "dx": 0.1030251311619253,
        "dy": 0.08135927210734617
      }
    ],
    "ESP": [
      {
        "original": [
          635,
          288
        ],
        "dx": 0.013108803487328624,
        "dy": 0.15808775801652797
      }
    ],
    "UKR": [
      {
        "original": [
          635,
          288
        ],
        "dx": -0.13504847645471213,
        "dy": -0.18231672385704045
      }
    ],
    "CHN": [
      {
        "original": [
          635,
          288
        ],
        "dx": 0.182460805982457,
        "dy": 0.1892379299302554
      }
    ],
    "ZAF": [
      {
        "original": [
          635,
          288
        ],
        "dx": -0.09539248052404342,
        "dy": -0.11302750412030371
      }
    ],
    "IND": [
      {
        "original": [
          635,
          288
        ],
        "dx": 0.028527598804220344,
        "dy": -0.16861856681318985
      }
    ]
  }
}