{
  "chart_id": "scatter_041",
  "title": "CO2 emissions per capita (tons) vs Renewable energy share (%)",
  "dpi": 200,
  "fig_size": [
    7,
    5
  ],
  "font_size": 8,
  "palette": [
    "#9467bd",
    "#e377c2",
    "#17becf",
    "#66c2a5",
    "#a6cee3",
    "#2ca02c",
    "#d62728",
    "#e78ac3",
    "#1f77b4",
    "#8c564b",
    "#bcbd22",
    "#fc8d62",
    "#8da0cb",
    "#7f7f7f",
    "#ff7f0e"
  ],
  "marker": "o",
  "sample_size": 14,
  "point_size_range": [
    30,
    60
  ],
  "x_ticks": [
    6.0,
    8.5,
    11.0,
    13.5,
    16.0
  ],
  "y_ticks": [
    24.0,
    33.0,
    42.0,
    51.0,
    60.0
  ],
  "x_ticks_encrypted": [
    6.0,
    7.25,
    8.5,
    9.75,
    11.0,
    12.25,
    13.5,
    14.75,
    16.0
  ],
  "y_ticks_encrypted": [
    24.0,
    28.5,
    33.0,
    37.5,
    42.0,
    46.5,
    51.0,
    55.5,
    60.0
  ],
  "series_color": {
    "PHL": [
      "#17becf"
    ],
    "SAU": [
      "#8c564b"
    ],
    "ESP": [
      "#1f77b4"
    ],
    "TUR": [
      "#ff7f0e"
    ],
    "IRN": [
      "#bcbd22"
    ],
    "ZAF": [
      "#e78ac3"
    ],
    "DEU": [
      "#9467bd"
    ],
    "ITA": [
      "#e377c2"
    ],
    "IND": [
      "#66c2a5"
    ],
    "THA": [
      "#7f7f7f"
    ],
    "JPN": [
      "#d62728"
    ],
    "BRA": [
      "#2ca02c"
    ],
    "AUS": [
      "#fc8d62"
    ],
    "EGY": [
      "#a6cee3"
    ]
  },
  "label_perturbations": {
    "PHL": [
      {
        "original": [
          875,
          551
        ],
        "dx": 0.021007242005112392,
        "dy": 0.042879900152576866
      }
    ],
    "SAU": [
      {
        "original": [
          875,
          551
        ],
        "dx": -0.03485818245822339,
        "dy": 0.11651468254124947
      }
    ],
    "ESP": [
      {
        "original": [
          875,
          551
        ],
        "dx": 0.03462674317480485,
        "dy": -0.008104139202092908
      }
    ],
    "TUR": [
      {
        "original": [
          875,
          551
        ],
        "dx": -0.06252347844093853,
        "dy": -0.12053290290965811
      }
    ],
    "IRN": [
      {
        "original": [
          875,
          551
        ],
        "dx": 0.17220197922106423,
        "dy": 0.1862231935864721
      }
    ],
    "ZAF": [
      {
        "original": [
          875,
          551
        ],
        "dx": -0.14454858764210182,
        "dy": -0.04466436269806967
      }
    ],
    "DEU": [
      {
        "original": [
          875,
          551
        ],
        "dx": -0.0563532673553675,
        "dy": -0.15406339909567796
      }
    ],
    "ITA": [
      {
        "original": [
          875,
          551
        ],
        "dx": -0.09245706290666096,
        "dy": 0.1896206063988763
      }
    ],
    "IND": [
      {
        "original": [
          875,
          551
        ],
        "dx": -0.1828289023944666,
        "dy": 0.08608476332859122
      }
    ],
    "THA": [
      {
        "original": [
          875,
          551
        ],
        "dx": 0.007474891401550193,
        "dy": 0.03785822109993314
      }
    ],
    "JPN": [
      {
        "original": [
          875,
          551
        ],
        "dx": -0.1483554809762708,
        "dy": -0.16491691606518155
      }
    ],
    "BRA": [
      {
        "original": [
          875,
          551
        ],
        "dx": 0.00711386248371082,
        "dy": 0.12333868138151666
      }
    ],
    "AUS": [
      {
        "original": [
          875,
          551
        ],
        "dx": 0.10447805461491178,
        "dy": 0.13215943826095616
      }
    ],
    "EGY": [
      {
        "original": [
          875,
          551
        ],
        "dx": -0.10254155965755203,
        "dy": -0.18204833549492117
      }
    ]
  }
}