{
  "chart_id": "scatter_060",
  "title": "GDP per capita (USD) vs Life expectancy (years)",
  "dpi": 200,
  "fig_size": [
    5,
    4
  ],
  "font_size": 8,
  "palette": [
    "#9467bd",
    "#e377c2",
    "#17becf",
    "#66c2a5",
    "#a6cee3",
    "#2ca02c",
    "#d62728",
    "#e78ac3",
    "#1f77b4",
    "#8c564b",
    "#bcbd22",
    "#fc8d62",
    "#8da0cb",
    "#7f7f7f",
    "#ff7f0e"
  ],
  "marker": "^",
  "sample_size": 11,
  "point_size_range": [
    30,
    60
  ],
  "x_ticks": [
    28000.0,
    34500.0,
    41000.0,
    47500.0,
    54000.0
  ],
  "y_ticks": [
    60.0,
    64.0,
    68.0,
    72.0,
    76.0
  ],
  "x_ticks_encrypted": [
    28000.0,
    31250.0,
    34500.0,
    37750.0,
    41000.0,
    44250.0,
    47500.0,
    50750.0,
    54000.0
  ],
  "y_ticks_encrypted": [
    60.0,
    62.0,
    64.0,
    66.0,
    68.0,
    70.0,
    72.0,
    74.0,
    76.0
  ],
  "series_color": {
    "UKR": [
      "#e78ac3"
    ],
    "MEX": [
      "#66c2a5"
    ],
    "JPN": [
      "#8da0cb"
    ],
    "SAU": [
      "#2ca02c"
    ],
    "FRA": [
      "#d62728"
    ],
    "EGY": [
      "#a6cee3"
    ],
    "KOR": [
      "#9467bd"
    ],
    "DEU": [
      "#8c564b"
    ],
    "ZAF": [
      "#1f77b4"
    ],
    "POL": [
      "#17becf"
    ],
    "COL": [
      "#7f7f7f"
    ]
  },
  "label_perturbations": {
    "UKR": [
      {
        "original": [
          660,
          329
        ],
        "dx": -0.18296805504335692,
        "dy": -0.11531713867341634
      }
    ],
    "MEX": [
      {
        "original": [
          660,
          329
        ],
        "dx": -0.1534368902311487,
        "dy": 0.11222005245107058
      }
    ],
    "JPN": [
      {
        "original": [
          660,
          329
        ],
        "dx": 0.00410620928049274,
        "dy": 0.15808852682625757
      }
    ],
    "SAU": [
      {
        "original": [
          660,
          329
        ],
        "dx": 0.16359156733776198,
        "dy": 0.08966518899112208
      }
    ],
    "FRA": [
      {
        "original": [
          660,
          329
        ],
        "dx": -0.07131176657240271,
        "dy": 0.01303392900368866
      }
    ],
    "EGY": [
      {
        "original": [
          660,
          329
        ],
        "dx": 0.1995058030095519,
        "dy": 0.1864579981485468
      }
    ],
    "KOR": [
      {
        "original": [
          660,
          329
        ],
        "dx": 0.039147207714346655,
        "dy": -0.038314598976730896
      }
    ],
    "DEU": [
      {
        "original": [
          660,
          329
        ],
        "dx": 0.03925348296283854,
        "dy": 0.14658438594358247
      }
    ],
    "ZAF": [
      {
        "original": [
          660,
          329
        ],
        "dx": 0.051814673055532556,
        "dy": -0.06874696208405853
      }
    ],
    "POL": [
      {
        "original": [
          660,
          329
        ],
        "dx": -0.01659998373095789,
        "dy": 0.1920072403839529
      }
    ],
    "COL": [
      {
        "original": [
          660,
          329
        ],
        "dx": -0.13212115966397103,
        "dy": 0.10812114915531973
      }
    ]
  }
}