{
  "chart_id": "scatter_054",
  "title": "Unemployment rate (%) vs Inflation rate (%)",
  "dpi": 200,
  "fig_size": [
    7,
    5
  ],
  "font_size": 12,
  "palette": [
    "#f0c2c2",
    "#6a3d9a",
    "#c2c2f0",
    "#b15928",
    "#cab2d6",
    "#c2f0c2",
    "#fb9a99",
    "#fdbf6f",
    "#33a02c",
    "#b2df8a",
    "#8dd3c7",
    "#ff7f00",
    "#ffb3e6",
    "#ffff99",
    "#e31a1c"
  ],
  "marker": "v",
  "sample_size": 10,
  "point_size_range": [
    30,
    60
  ],
  "x_ticks": [
    10.0,
    11.25,
    12.5,
    13.75,
    15.0
  ],
  "y_ticks": [
    4.0,
    5.5,
    7.0,
    8.5,
    10.0
  ],
  "x_ticks_encrypted": [
    10.0,
    10.62,
    11.25,
    11.88,
    12.5,
    13.12,
    13.75,
    14.38,
    15.0
  ],
  "y_ticks_encrypted": [
    4.0,
    4.75,
    5.5,
    6.25,
    7.0,
    7.75,
    8.5,
    9.25,
    10.0
  ],
  "series_color": {
    "IRN": [
      "#b2df8a"
    ],
    "ARG": [
      "#fdbf6f"
    ],
    "EGY": [
      "#e31a1c"
    ],
    "RUS": [
      "#8dd3c7"
    ],
    "VNM": [
      "#cab2d6"
    ],
    "ZAF": [
      "#6a3d9a"
    ],
    "POL": [
      "#ff7f00"
    ],
    "ITA": [
      "#b15928"
    ],
    "IND": [
      "#33a02c"
    ],
    "IDN": [
      "#ffff99"
    ]
  },
  "label_perturbations": {
    "IRN": [
      {
        "original": [
          1214,
          297
        ],
        "dx": -0.032249257437653,
        "dy": 0.06344840323610357
      }
    ],
    "ARG": [
      {
        "original": [
          1214,
          297
        ],
        "dx": -0.09870200227797868,
        "dy": 0.003145875126379538
      }
    ],
    "EGY": [
      {
        "original": [
          1214,
          297
        ],
        "dx": 0.15016946351245503,
        "dy": 0.030976671019362412
      }
    ],
    "RUS": [
      {
        "original": [
          1214,
          297
        ],
        "dx": 0.10249539692951198,
        "dy": 0.10093305015510595
      }
    ],
    "VNM": [
      {
        "original": [
          1214,
          297
        ],
        "dx": -0.024069874117605666,
        "dy": -0.0008746108749336234
      }
    ],
    "ZAF": [
      {
        "original": [
          1214,
          297
        ],
        "dx": 0.15840011336047088,
        "dy": 0.17969485038783456
      }
    ],
    "POL": [
      {
        "original": [
          1214,
          297
        ],
        "dx": 0.1449651055666546,
        "dy": 0.06442300277519686
      }
    ],
    "ITA": [
      {
        "original": [
          1214,
          297
        ],
        "dx": -0.020573358003478953,
        "dy": 0.1078393529871946
      }
    ],
    "IND": [
      {
        "original": [
          1214,
          297
        ],
        "dx": 0.15549606022649648,
        "dy": 0.05052012522640659
      }
    ],
    "IDN": [
      {
        "original": [
          1214,
          297
        ],
        "dx": 0.010504896586008533,
        "dy": 0.19745387121766955
      }
    ]
  }
}