{
  "chart_id": "scatter_037",
  "title": "Hospital beds per 1000 vs Life expectancy (years)",
  "dpi": 100,
  "fig_size": [
    5,
    4
  ],
  "font_size": 8,
  "palette": [
    "#9467bd",
    "#e377c2",
    "#17becf",
    "#66c2a5",
    "#a6cee3",
    "#2ca02c",
    "#d62728",
    "#e78ac3",
    "#1f77b4",
    "#8c564b",
    "#bcbd22",
    "#fc8d62",
    "#8da0cb",
    "#7f7f7f",
    "#ff7f0e"
  ],
  "marker": "v",
  "sample_size": 12,
  "point_size_range": [
    30,
    60
  ],
  "x_ticks": [
    2.0,
    4.0,
    6.0,
    8.0,
    10.0
  ],
  "y_ticks": [
    62.0,
    65.0,
    68.0,
    71.0,
    74.0
  ],
  "x_ticks_encrypted": [
    2.0,
    3.0,
    4.0,
    5.0,
    6.0,
    7.0,
    8.0,
    9.0,
    10.0
  ],
  "y_ticks_encrypted": [
    62.0,
    63.5,
    65.0,
    66.5,
    68.0,
    69.5,
    71.0,
    72.5,
    74.0
  ],
  "series_color": {
    "TUR": [
      "#d62728"
    ],
    "UKR": [
      "#e377c2"
    ],
    "CAN": [
      "#8da0cb"
    ],
    "PHL": [
      "#2ca02c"
    ],
    "ARG": [
      "#9467bd"
    ],
    "RUS": [
      "#fc8d62"
    ],
    "USA": [
      "#a6cee3"
    ],
    "IND": [
      "#ff7f0e"
    ],
    "DEU": [
      "#bcbd22"
    ],
    "MEX": [
      "#7f7f7f"
    ],
    "IDN": [
      "#1f77b4"
    ],
    "ITA": [
      "#8c564b"
    ]
  },
  "label_perturbations": {
    "TUR": [
      {
        "original": [
          260,
          260
        ],
        "dx": -0.08192487852928579,
        "dy": -0.05470973507693247
      }
    ],
    "UKR": [
      {
        "original": [
          260,
          260
        ],
        "dx": -0.1316712880290555,
        "dy": 0.04379171190679601
      }
    ],
    "CAN": [
      {
        "original": [
          260,
          260
        ],
        "dx": 0.02883612154284315,
        "dy": -0.1255017431210596
      }
    ],
    "PHL": [
      {
        "original": [
          260,
          260
        ],
        "dx": 0.19473222045782557,
        "dy": 0.13631809393570066
      }
    ],
    "ARG": [
      {
        "original": [
          260,
          260
        ],
        "dx": 0.19476471592643496,
        "dy": -0.16102209961834324
      }
    ],
    "RUS": [
      {
        "original": [
          260,
          260
        ],
        "dx": 0.16171895242798034,
        "dy": -0.09052042522534515
      }
    ],
    "USA": [
      {
        "original": [
          260,
          260
        ],
        "dx": 0.022710566951642808,
        "dy": 0.15734008463110266
      }
    ],
    "IND": [
      {
        "original": [
          260,
          260
        ],
        "dx": 0.05300489308724504,
        "dy": 0.18813406435223018
      }
    ],
    "DEU": [
      {
        "original": [
          260,
          260
        ],
        "dx": 0.07361171942348921,
        "dy": -0.046967013820886416
      }
    ],
    "MEX": [
      {
        "original": [
          260,
          260
        ],
        "dx": 0.1973884217984842,
        "dy": -0.0950269222891798
      }
    ],
    "IDN": [
      {
        "original": [
          260,
          260
        ],
        "dx": -0.08625381958751062,
        "dy": -0.17861602125463524
      }
    ],
    "ITA": [
      {
        "original": [
          260,
          260
        ],
        "dx": -0.036161852265717165,
        "dy": -0.034677799122066005
      }
    ]
  }
}