{
  "chart_id": "scatter_068",
  "title": "Urbanization rate (%) vs Population density",
  "dpi": 100,
  "fig_size": [
    7,
    5
  ],
  "font_size": 10,
  "palette": [
    "#9467bd",
    "#e377c2",
    "#17becf",
    "#66c2a5",
    "#a6cee3",
    "#2ca02c",
    "#d62728",
    "#e78ac3",
    "#1f77b4",
    "#8c564b",
    "#bcbd22",
    "#fc8d62",
    "#8da0cb",
    "#7f7f7f",
    "#ff7f0e"
  ],
  "marker": "^",
  "sample_size": 15,
  "point_size_range": [
    30,
    60
  ],
  "x_ticks": [
    54.0,
    58.5,
    63.0,
    67.5,
    72.0
  ],
  "y_ticks": [
    1080.0,
    1285.0,
    1490.0,
    1695.0,
    1900.0
  ],
  "x_ticks_encrypted": [
    54.0,
    56.25,
    58.5,
    60.75,
    63.0,
    65.25,
    67.5,
    69.75,
    72.0
  ],
  "y_ticks_encrypted": [
    1080.0,
    1182.5,
    1285.0,
    1387.5,
    1490.0,
    1592.5,
    1695.0,
    1797.5,
    1900.0
  ],
  "series_color": {
    "TUR": [
      "#9467bd"
    ],
    "MEX": [
      "#7f7f7f"
    ],
    "PHL": [
      "#66c2a5"
    ],
    "EGY": [
      "#a6cee3"
    ],
    "VNM": [
      "#2ca02c"
    ],
    "IRN": [
      "#1f77b4"
    ],
    "SAU": [
      "#fc8d62"
    ],
    "IND": [
      "#8da0cb"
    ],
    "THA": [
      "#d62728"
    ],
    "JPN": [
      "#17becf"
    ],
    "COL": [
      "#bcbd22"
    ],
    "ARG": [
      "#e377c2"
    ],
    "CHN": [
      "#ff7f0e"
    ],
    "USA": [
      "#8c564b"
    ],
    "PAK": [
      "#e78ac3"
    ]
  },
  "label_perturbations": {
    "TUR": [
      {
        "original": [
          269,
          235
        ],
        "dx": -0.08367497943905185,
        "dy": -0.11155729881210408
      }
    ],
    "MEX": [
      {
        "original": [
          269,
          235
        ],
        "dx": 0.05595128792071169,
        "dy": 0.04671309282760658
      }
    ],
    "PHL": [
      {
        "original": [
          269,
          235
        ],
        "dx": 0.08933399235461315,
        "dy": -0.1717536909073139
      }
    ],
    "EGY": [
      {
        "original": [
          269,
          235
        ],
        "dx": -0.08409550266101062,
        "dy": -0.09763538303196047
      }
    ],
    "VNM": [
      {
        "original": [
          269,
          235
        ],
        "dx": 0.1642516791574643,
        "dy": 0.10763779063773904
      }
    ],
    "IRN": [
      {
        "original": [
          269,
          235
        ],
        "dx": -0.03329027941797852,
        "dy": 0.08811987579611313
      }
    ],
    "SAU": [
      {
        "original": [
          269,
          235
        ],
        "dx": 0.02037643465701633,
        "dy": 0.18533665935021898
      }
    ],
    "IND": [
      {
        "original": [
          269,
          235
        ],
        "dx": -0.0819019766492633,
        "dy": -0.021293792482090235
      }
    ],
    "THA": [
      {
        "original": [
          269,
          235
        ],
        "dx": -0.028824678610315235,
        "dy": 0.16406009788888748
      }
    ],
    "JPN": [
      {
        "original": [
          269,
          235
        ],
        "dx": 0.013099059976121319,
        "dy": 0.12235237020127426
      }
    ],
    "COL": [
      {
        "original": [
          269,
          235
        ],
        "dx": -0.08230465905942573,
        "dy": -0.19016746327759232
      }
    ],
    "ARG": [
      {
        "original": [
          269,
          235
        ],
        "dx": 0.034736390449870536,
        "dy": 0.10443001805886087
      }
    ],
    "CHN": [
      {
        "original": [
          269,
          235
        ],
        "dx": -0.1997425989065687,
        "dy": 0.05311953190576296
      }
    ],
    "USA": [
      {
        "original": [
          269,
          235
        ],
        "dx": -0.13071723774629385,
        "dy": -0.06001135288305043
      }
    ],
    "PAK": [
      {
        "original": [
          269,
          235
        ],
        "dx": -0.13578208172532383,
        "dy": 0.1492593246397284
      }
    ]
  }
}