{
  "chart_id": "scatter_003",
  "title": "Literacy rate (%) vs Education spending (% of GDP)",
  "dpi": 100,
  "fig_size": [
    7,
    5
  ],
  "font_size": 12,
  "palette": [
    "#f0c2c2",
    "#6a3d9a",
    "#c2c2f0",
    "#b15928",
    "#cab2d6",
    "#c2f0c2",
    "#fb9a99",
    "#fdbf6f",
    "#33a02c",
    "#b2df8a",
    "#8dd3c7",
    "#ff7f00",
    "#ffb3e6",
    "#ffff99",
    "#e31a1c"
  ],
  "marker": "s",
  "sample_size": 10,
  "point_size_range": [
    30,
    60
  ],
  "x_ticks": [
    76.0,
    78.5,
    81.0,
    83.5,
    86.0
  ],
  "y_ticks": [
    3.0,
    4.0,
    5.0,
    6.0,
    7.0
  ],
  "x_ticks_encrypted": [
    76.0,
    77.25,
    78.5,
    79.75,
    81.0,
    82.25,
    83.5,
    84.75,
    86.0
  ],
  "y_ticks_encrypted": [
    3.0,
    3.5,
    4.0,
    4.5,
    5.0,
    5.5,
    6.0,
    6.5,
    7.0
  ],
  "series_color": {
    "ARG": [
      "#b2df8a"
    ],
    "BRA": [
      "#ff7f00"
    ],
    "NGA": [
      "#e31a1c"
    ],
    "AUS": [
      "#fb9a99"
    ],
    "JPN": [
      "#ffff99"
    ],
    "ITA": [
      "#8dd3c7"
    ],
    "PHL": [
      "#c2c2f0"
    ],
    "ZAF": [
      "#33a02c"
    ],
    "VNM": [
      "#ffb3e6"
    ],
    "UKR": [
      "#6a3d9a"
    ]
  },
  "label_perturbations": {
    "ARG": [
      {
        "original": [
          169,
          217
        ],
        "dx": -0.0886510851955459,
        "dy": -0.10476078995390191
      }
    ],
    "BRA": [
      {
        "original": [
          169,
          217
        ],
        "dx": -0.12224638157481703,
        "dy": -0.1287040219963548
      }
    ],
    "NGA": [
      {
        "original": [
          169,
          217
        ],
        "dx": -0.03855341028107562,
        "dy": 0.19821820670842671
      }
    ],
    "AUS": [
      {
        "original": [
          169,
          217
        ],
        "dx": -0.1531656066580831,
        "dy": -0.16154440115833968
      }
    ],
    "JPN": [
      {
        "original": [
          169,
          217
        ],
        "dx": 0.028839827219045933,
        "dy": 0.0985051472714128
      }
    ],
    "ITA": [
      {
        "original": [
          169,
          217
        ],
        "dx": 0.015258340728362685,
        "dy": -0.06003914719825901
      }
    ],
    "PHL": [
      {
        "original": [
          169,
          217
        ],
        "dx": -0.040969151963500317,
        "dy": -0.0920616244293091
      }
    ],
    "ZAF": [
      {
        "original": [
          169,
          217
        ],
        "dx": -0.14585677660022106,
        "dy": -0.06592158542063994
      }
    ],
    "VNM": [
      {
        "original": [
          169,
          217
        ],
        "dx": -0.17163445350393083,
        "dy": 0.18360786291904524
      }
    ],
    "UKR": [
      {
        "original": [
          169,
          217
        ],
        "dx": 0.06015049184072507,
        "dy": 0.012289950866406885
      }
    ]
  }
}