{
  "chart_id": "scatter_042",
  "title": "Health expenditure per capita (USD) vs Life expectancy (years)",
  "dpi": 200,
  "fig_size": [
    5,
    4
  ],
  "font_size": 10,
  "palette": [
    "#9467bd",
    "#e377c2",
    "#17becf",
    "#66c2a5",
    "#a6cee3",
    "#2ca02c",
    "#d62728",
    "#e78ac3",
    "#1f77b4",
    "#8c564b",
    "#bcbd22",
    "#fc8d62",
    "#8da0cb",
    "#7f7f7f",
    "#ff7f0e"
  ],
  "marker": "*",
  "sample_size": 11,
  "point_size_range": [
    30,
    60
  ],
  "x_ticks": [
    4800.0,
    5650.0,
    6500.0,
    7350.0,
    8200.0
  ],
  "y_ticks": [
    62.0,
    65.0,
    68.0,
    71.0,
    74.0
  ],
  "x_ticks_encrypted": [
    4800.0,
    5225.0,
    5650.0,
    6075.0,
    6500.0,
    6925.0,
    7350.0,
    7775.0,
    8200.0
  ],
  "y_ticks_encrypted": [
    62.0,
    63.5,
    65.0,
    66.5,
    68.0,
    69.5,
    71.0,
    72.5,
    74.0
  ],
  "series_color": {
    "NGA": [
      "#2ca02c"
    ],
    "PHL": [
      "#1f77b4"
    ],
    "ITA": [
      "#66c2a5"
    ],
    "MEX": [
      "#a6cee3"
    ],
    "PAK": [
      "#bcbd22"
    ],
    "VNM": [
      "#7f7f7f"
    ],
    "ARG": [
      "#8c564b"
    ],
    "CAN": [
      "#e78ac3"
    ],
    "UKR": [
      "#ff7f0e"
    ],
    "BRA": [
      "#17becf"
    ],
    "COL": [
      "#9467bd"
    ]
  },
  "label_perturbations": {
    "NGA": [
      {
        "original": [
          502,
          378
        ],
        "dx": 0.1143518299507687,
        "dy": 0.034670079193079406
      }
    ],
    "PHL": [
      {
        "original": [
          502,
          378
        ],
        "dx": 0.1721924090709654,
        "dy": 0.13194115400434753
      }
    ],
    "ITA": [
      {
        "original": [
          502,
          378
        ],
        "dx": -0.10039563639575336,
        "dy": -0.14786059013361563
      }
    ],
    "MEX": [
      {
        "original": [
          502,
          378
        ],
        "dx": 0.043524037920350755,
        "dy": -0.0011721850158107894
      }
    ],
    "PAK": [
      {
        "original": [
          502,
          378
        ],
        "dx": -0.02521397227976388,
        "dy": 0.081030594155858
      }
    ],
    "VNM": [
      {
        "original": [
          502,
          378
        ],
        "dx": 0.1617874512656856,
        "dy": 0.07704421440197012
      }
    ],
    "ARG": [
      {
        "original": [
          502,
          378
        ],
        "dx": -0.1418901663280861,
        "dy": -0.11792177372896454
      }
    ],
    "CAN": [
      {
        "original": [
          502,
          378
        ],
        "dx": -0.04925097693953587,
        "dy": -0.13373064069972596
      }
    ],
    "UKR": [
      {
        "original": [
          502,
          378
        ],
        "dx": -0.1785710202761036,
        "dy": 0.06948273920413833
      }
    ],
    "BRA": [
      {
        "original": [
          502,
          378
        ],
        "dx": 0.06957179235437994,
        "dy": 0.0998598463126743
      }
    ],
    "COL": [
      {
        "original": [
          502,
          378
        ],
        "dx": -0.14062961450716555,
        "dy": 0.09482708083364588
      }
    ]
  }
}