{
  "chart_id": "scatter_016",
  "title": "R&D spending (% of GDP) vs Patent applications",
  "dpi": 100,
  "fig_size": [
    7,
    5
  ],
  "font_size": 10,
  "palette": [
    "#f0c2c2",
    "#6a3d9a",
    "#c2c2f0",
    "#b15928",
    "#cab2d6",
    "#c2f0c2",
    "#fb9a99",
    "#fdbf6f",
    "#33a02c",
    "#b2df8a",
    "#8dd3c7",
    "#ff7f00",
    "#ffb3e6",
    "#ffff99",
    "#e31a1c"
  ],
  "marker": "s",
  "sample_size": 11,
  "point_size_range": [
    30,
    60
  ],
  "x_ticks": [
    1.0,
    1.75,
    2.5,
    3.25,
    4.0
  ],
  "y_ticks": [
    8400.0,
    10150.0,
    11900.0,
    13650.0,
    15400.0
  ],
  "x_ticks_encrypted": [
    1.0,
    1.38,
    1.75,
    2.12,
    2.5,
    2.88,
    3.25,
    3.62,
    4.0
  ],
  "y_ticks_encrypted": [
    8400.0,
    9275.0,
    10150.0,
    11025.0,
    11900.0,
    12775.0,
    13650.0,
    14525.0,
    15400.0
  ],
  "series_color": {
    "COL": [
      "#8dd3c7"
    ],
    "KOR": [
      "#f0c2c2"
    ],
    "CAN": [
      "#b15928"
    ],
    "UKR": [
      "#c2c2f0"
    ],
    "FRA": [
      "#b2df8a"
    ],
    "DEU": [
      "#e31a1c"
    ],
    "IRN": [
      "#6a3d9a"
    ],
    "NGA": [
      "#c2f0c2"
    ],
    "GBR": [
      "#fb9a99"
    ],
    "TUR": [
      "#ffff99"
    ],
    "PAK": [
      "#cab2d6"
    ]
  },
  "label_perturbations": {
    "COL": [
      {
        "original": [
          260,
          307
        ],
        "dx": -0.18636628662287627,
        "dy": -0.006244559987021503
      }
    ],
    "KOR": [
      {
        "original": [
          260,
          307
        ],
        "dx": -0.036192835984785565,
        "dy": 0.14325995681177212
      }
    ],
    "CAN": [
      {
        "original": [
          260,
          307
        ],
        "dx": -0.04554645338742777,
        "dy": -0.05669249960021924
      }
    ],
    "UKR": [
      {
        "original": [
          260,
          307
        ],
        "dx": 0.09434647792747425,
        "dy": -0.06610684120619789
      }
    ],
    "FRA": [
      {
        "original": [
          260,
          307
        ],
        "dx": -0.03943359012418307,
        "dy": 0.11164017269422888
      }
    ],
    "DEU": [
      {
        "original": [
          260,
          307
        ],
        "dx": 0.16388975185340177,
        "dy": -0.05504278635599716
      }
    ],
    "IRN": [
      {
        "original": [
          260,
          307
        ],
        "dx": 0.08926955170283934,
        "dy": 0.12785124064014464
      }
    ],
    "NGA": [
      {
        "original": [
          260,
          307
        ],
        "dx": -0.17330596258487524,
        "dy": -0.15850651637491048
      }
    ],
    "GBR": [
      {
        "original": [
          260,
          307
        ],
        "dx": -0.015984687193500102,
        "dy": 0.17034063166119345
      }
    ],
    "TUR": [
      {
        "original": [
          260,
          307
        ],
        "dx": -0.17850325171606377,
        "dy": 0.04441191750962764
      }
    ],
    "PAK": [
      {
        "original": [
          260,
          307
        ],
        "dx": -0.024343726919982572,
        "dy": -0.08569842406618262
      }
    ]
  }
}