{
  "chart_id": "scatter_034",
  "title": "Unemployment rate (%) vs Inflation rate (%)",
  "dpi": 200,
  "fig_size": [
    7,
    5
  ],
  "font_size": 10,
  "palette": [
    "#f0c2c2",
    "#6a3d9a",
    "#c2c2f0",
    "#b15928",
    "#cab2d6",
    "#c2f0c2",
    "#fb9a99",
    "#fdbf6f",
    "#33a02c",
    "#b2df8a",
    "#8dd3c7",
    "#ff7f00",
    "#ffb3e6",
    "#ffff99",
    "#e31a1c"
  ],
  "marker": "o",
  "sample_size": 9,
  "point_size_range": [
    30,
    60
  ],
  "x_ticks": [
    9.0,
    10.25,
    11.5,
    12.75,
    14.0
  ],
  "y_ticks": [
    4.0,
    5.25,
    6.5,
    7.75,
    9.0
  ],
  "x_ticks_encrypted": [
    9.0,
    9.62,
    10.25,
    10.88,
    11.5,
    12.12,
    12.75,
    13.38,
    14.0
  ],
  "y_ticks_encrypted": [
    4.0,
    4.62,
    5.25,
    5.88,
    6.5,
    7.12,
    7.75,
    8.38,
    9.0
  ],
  "series_color": {
    "KOR": [
      "#b2df8a"
    ],
    "SAU": [
      "#fdbf6f"
    ],
    "USA": [
      "#fb9a99"
    ],
    "TUR": [
      "#e31a1c"
    ],
    "ZAF": [
      "#ffff99"
    ],
    "EGY": [
      "#c2f0c2"
    ],
    "IRN": [
      "#f0c2c2"
    ],
    "BRA": [
      "#8dd3c7"
    ],
    "MEX": [
      "#cab2d6"
    ]
  },
  "label_perturbations": {
    "KOR": [
      {
        "original": [
          360,
          370
        ],
        "dx": -0.17076044089280173,
        "dy": 0.1466794413880413
      }
    ],
    "SAU": [
      {
        "original": [
          360,
          370
        ],
        "dx": 0.1109468699216804,
        "dy": 0.03767151241777414
      }
    ],
    "USA": [
      {
        "original": [
          360,
          370
        ],
        "dx": -0.07576622044274846,
        "dy": -0.0699938371617726
      }
    ],
    "TUR": [
      {
        "original": [
          360,
          370
        ],
        "dx": 0.015555479620013302,
        "dy": 0.10476544591051534
      }
    ],
    "ZAF": [
      {
        "original": [
          360,
          370
        ],
        "dx": 0.19110454545208433,
        "dy": -0.14386622932965687
      }
    ],
    "EGY": [
      {
        "original": [
          360,
          370
        ],
        "dx": 0.18057497854093302,
        "dy": 0.14610565075437643
      }
    ],
    "IRN": [
      {
        "original": [
          360,
          370
        ],
        "dx": -0.1953316502284289,
        "dy": 0.0758452829036439
      }
    ],
    "BRA": [
      {
        "original": [
          360,
          370
        ],
        "dx": 0.08547138572002944,
        "dy": 0.042439550199854736
      }
    ],
    "MEX": [
      {
        "original": [
          360,
          370
        ],
        "dx": 0.1254107177372379,
        "dy": -0.04553577085853172
      }
    ]
  }
}