{
  "chart_id": "scatter_098",
  "title": "Urbanization rate (%) vs Population density",
  "dpi": 100,
  "fig_size": [
    7,
    5
  ],
  "font_size": 12,
  "palette": [
    "#9467bd",
    "#e377c2",
    "#17becf",
    "#66c2a5",
    "#a6cee3",
    "#2ca02c",
    "#d62728",
    "#e78ac3",
    "#1f77b4",
    "#8c564b",
    "#bcbd22",
    "#fc8d62",
    "#8da0cb",
    "#7f7f7f",
    "#ff7f0e"
  ],
  "marker": "^",
  "sample_size": 15,
  "point_size_range": [
    30,
    60
  ],
  "x_ticks": [
    44.0,
    51.5,
    59.0,
    66.5,
    74.0
  ],
  "y_ticks": [
    1060.0,
    1285.0,
    1510.0,
    1735.0,
    1960.0
  ],
  "x_ticks_encrypted": [
    44.0,
    47.75,
    51.5,
    55.25,
    59.0,
    62.75,
    66.5,
    70.25,
    74.0
  ],
  "y_ticks_encrypted": [
    1060.0,
    1172.5,
    1285.0,
    1397.5,
    1510.0,
    1622.5,
    1735.0,
    1847.5,
    1960.0
  ],
  "series_color": {
    "ARG": [
      "#bcbd22"
    ],
    "IDN": [
      "#1f77b4"
    ],
    "JPN": [
      "#9467bd"
    ],
    "TUR": [
      "#e377c2"
    ],
    "NGA": [
      "#fc8d62"
    ],
    "FRA": [
      "#a6cee3"
    ],
    "GBR": [
      "#8c564b"
    ],
    "COL": [
      "#66c2a5"
    ],
    "VNM": [
      "#8da0cb"
    ],
    "CAN": [
      "#d62728"
    ],
    "UKR": [
      "#e78ac3"
    ],
    "POL": [
      "#2ca02c"
    ],
    "THA": [
      "#17becf"
    ],
    "ITA": [
      "#ff7f0e"
    ],
    "PHL": [
      "#7f7f7f"
    ]
  },
  "label_perturbations": {
    "ARG": [
      {
        "original": [
          512,
          246
        ],
        "dx": -0.02251488297509313,
        "dy": 0.11705398863806138
      }
    ],
    "IDN": [
      {
        "original": [
          512,
          246
        ],
        "dx": -0.17189313291601432,
        "dy": -0.11898440903898866
      }
    ],
    "JPN": [
      {
        "original": [
          512,
          246
        ],
        "dx": -0.15910707154569514,
        "dy": -0.17352686650118065
      }
    ],
    "TUR": [
      {
        "original": [
          512,
          246
        ],
        "dx": -0.14700812976335156,
        "dy": -0.08266085978512444
      }
    ],
    "NGA": [
      {
        "original": [
          512,
          246
        ],
        "dx": 0.1863716398898213,
        "dy": 0.0045884926536375326
      }
    ],
    "FRA": [
      {
        "original": [
          512,
          246
        ],
        "dx": -0.06304131855127171,
        "dy": -0.09451573857993717
      }
    ],
    "GBR": [
      {
        "original": [
          512,
          246
        ],
        "dx": 0.09523380142950577,
        "dy": 0.05776393571660443
      }
    ],
    "COL": [
      {
        "original": [
          512,
          246
        ],
        "dx": -0.19148377528777286,
        "dy": 0.04727393358208257
      }
    ],
    "VNM": [
      {
        "original": [
          512,
          246
        ],
        "dx": 0.009454170859188954,
        "dy": 0.029354144584895853
      }
    ],
    "CAN": [
      {
        "original": [
          512,
          246
        ],
        "dx": 0.16670677299301334,
        "dy": 0.19894591762697383
      }
    ],
    "UKR": [
      {
        "original": [
          512,
          246
        ],
        "dx": -0.080792052863869,
        "dy": 0.0244413440716425
      }
    ],
    "POL": [
      {
        "original": [
          512,
          246
        ],
        "dx": -0.13038359447739045,
        "dy": 0.0647290511789399
      }
    ],
    "THA": [
      {
        "original": [
          512,
          246
        ],
        "dx": 0.1510382017571577,
        "dy": -0.1911553644492361
      }
    ],
    "ITA": [
      {
        "original": [
          512,
          246
        ],
        "dx": -0.19054594788638046,
        "dy": 0.12989088974890994
      }
    ],
    "PHL": [
      {
        "original": [
          512,
          246
        ],
        "dx": 0.11794900946374892,
        "dy": 0.008737689345569288
      }
    ]
  }
}