{
  "chart_id": "scatter_074",
  "title": "Unemployment rate (%) vs Inflation rate (%)",
  "dpi": 100,
  "fig_size": [
    7,
    5
  ],
  "font_size": 12,
  "palette": [
    "#f0c2c2",
    "#6a3d9a",
    "#c2c2f0",
    "#b15928",
    "#cab2d6",
    "#c2f0c2",
    "#fb9a99",
    "#fdbf6f",
    "#33a02c",
    "#b2df8a",
    "#8dd3c7",
    "#ff7f00",
    "#ffb3e6",
    "#ffff99",
    "#e31a1c"
  ],
  "marker": "^",
  "sample_size": 10,
  "point_size_range": [
    30,
    60
  ],
  "x_ticks": [
    8.0,
    10.5,
    13.0,
    15.5,
    18.0
  ],
  "y_ticks": [
    2.0,
    4.0,
    6.0,
    8.0,
    10.0
  ],
  "x_ticks_encrypted": [
    8.0,
    9.25,
    10.5,
    11.75,
    13.0,
    14.25,
    15.5,
    16.75,
    18.0
  ],
  "y_ticks_encrypted": [
    2.0,
    3.0,
    4.0,
    5.0,
    6.0,
    7.0,
    8.0,
    9.0,
    10.0
  ],
  "series_color": {
    "CAN": [
      "#ffb3e6"
    ],
    "CHN": [
      "#b15928"
    ],
    "EGY": [
      "#cab2d6"
    ],
    "PHL": [
      "#fb9a99"
    ],
    "SAU": [
      "#e31a1c"
    ],
    "ITA": [
      "#6a3d9a"
    ],
    "BRA": [
      "#c2c2f0"
    ],
    "USA": [
      "#c2f0c2"
    ],
    "IND": [
      "#f0c2c2"
    ],
    "ARG": [
      "#ff7f00"
    ]
  },
  "label_perturbations": {
    "CAN": [
      {
        "original": [
          593,
          122
        ],
        "dx": -0.09227288917009405,
        "dy": 0.1242476834756931
      }
    ],
    "CHN": [
      {
        "original": [
          593,
          122
        ],
        "dx": 0.19686116292759276,
        "dy": 0.18503008866998022
      }
    ],
    "EGY": [
      {
        "original": [
          593,
          122
        ],
        "dx": 0.13315098404160064,
        "dy": -0.1982009347275352
      }
    ],
    "PHL": [
      {
        "original": [
          593,
          122
        ],
        "dx": 0.12310754547316566,
        "dy": 0.14986360287656292
      }
    ],
    "SAU": [
      {
        "original": [
          593,
          122
        ],
        "dx": -0.04820127814512945,
        "dy": -0.03405574131001732
      }
    ],
    "ITA": [
      {
        "original": [
          593,
          122
        ],
        "dx": -0.014735075813814447,
        "dy": -0.08240701447076133
      }
    ],
    "BRA": [
      {
        "original": [
          593,
          122
        ],
        "dx": 0.14939868451883148,
        "dy": -0.030131413645453797
      }
    ],
    "USA": [
      {
        "original": [
          593,
          122
        ],
        "dx": -0.0239344132762645,
        "dy": -0.07321963808020412
      }
    ],
    "IND": [
      {
        "original": [
          593,
          122
        ],
        "dx": -0.0016451392475780868,
        "dy": -0.1320684912229572
      }
    ],
    "ARG": [
      {
        "original": [
          593,
          122
        ],
        "dx": -0.1401881634523186,
        "dy": -0.1514263837548261
      }
    ]
  }
}