{
  "chart_id": "scatter_029",
  "title": "Working hours/week vs Happiness Index",
  "dpi": 100,
  "fig_size": [
    5,
    4
  ],
  "font_size": 12,
  "palette": [
    "#9467bd",
    "#e377c2",
    "#17becf",
    "#66c2a5",
    "#a6cee3",
    "#2ca02c",
    "#d62728",
    "#e78ac3",
    "#1f77b4",
    "#8c564b",
    "#bcbd22",
    "#fc8d62",
    "#8da0cb",
    "#7f7f7f",
    "#ff7f0e"
  ],
  "marker": "*",
  "sample_size": 14,
  "point_size_range": [
    30,
    60
  ],
  "x_ticks": [
    38.0,
    41.0,
    44.0,
    47.0,
    50.0
  ],
  "y_ticks": [
    4.0,
    4.75,
    5.5,
    6.25,
    7.0
  ],
  "x_ticks_encrypted": [
    38.0,
    39.5,
    41.0,
    42.5,
    44.0,
    45.5,
    47.0,
    48.5,
    50.0
  ],
  "y_ticks_encrypted": [
    4.0,
    4.38,
    4.75,
    5.12,
    5.5,
    5.88,
    6.25,
    6.62,
    7.0
  ],
  "series_color": {
    "NGA": [
      "#1f77b4"
    ],
    "RUS": [
      "#8da0cb"
    ],
    "PAK": [
      "#7f7f7f"
    ],
    "VNM": [
      "#66c2a5"
    ],
    "POL": [
      "#17becf"
    ],
    "ZAF": [
      "#fc8d62"
    ],
    "MEX": [
      "#8c564b"
    ],
    "TUR": [
      "#e78ac3"
    ],
    "ESP": [
      "#2ca02c"
    ],
    "ITA": [
      "#d62728"
    ],
    "ARG": [
      "#e377c2"
    ],
    "AUS": [
      "#a6cee3"
    ],
    "DEU": [
      "#9467bd"
    ],
    "GBR": [
      "#bcbd22"
    ]
  },
  "label_perturbations": {
    "NGA": [
      {
        "original": [
          284,
          122
        ],
        "dx": -0.17730137851818323,
        "dy": -0.18151192106436112
      }
    ],
    "RUS": [
      {
        "original": [
          284,
          122
        ],
        "dx": 0.1723974705379362,
        "dy": -0.19437156801792513
      }
    ],
    "PAK": [
      {
        "original": [
          284,
          122
        ],
        "dx": 0.08177121252633013,
        "dy": -0.10793601805093599
      }
    ],
    "VNM": [
      {
        "original": [
          284,
          122
        ],
        "dx": 0.05691568575478473,
        "dy": -0.10099388484478583
      }
    ],
    "POL": [
      {
        "original": [
          284,
          122
        ],
        "dx": -0.15698242232868603,
        "dy": 0.10805352058206158
      }
    ],
    "ZAF": [
      {
        "original": [
          284,
          122
        ],
        "dx": 0.024395165505823657,
        "dy": -0.05498597411802392
      }
    ],
    "MEX": [
      {
        "original": [
          284,
          122
        ],
        "dx": -0.037957238912688235,
        "dy": 0.015486421367043424
      }
    ],
    "TUR": [
      {
        "original": [
          284,
          122
        ],
        "dx": -0.17470365903140528,
        "dy": 0.06789155671724323
      }
    ],
    "ESP": [
      {
        "original": [
          284,
          122
        ],
        "dx": 0.16284629483826557,
        "dy": 0.08300185794224912
      }
    ],
    "ITA": [
      {
        "original": [
          284,
          122
        ],
        "dx": 0.06699688648011765,
        "dy": 0.09680887533967591
      }
    ],
    "ARG": [
      {
        "original": [
          284,
          122
        ],
        "dx": 0.1734531313603051,
        "dy": -0.1622554324870095
      }
    ],
    "AUS": [
      {
        "original": [
          284,
          122
        ],
        "dx": -0.0019874515112017765,
        "dy": -0.06640190803452348
      }
    ],
    "DEU": [
      {
        "original": [
          284,
          122
        ],
        "dx": -0.14883805670700917,
        "dy": -0.10109094005558501
      }
    ],
    "GBR": [
      {
        "original": [
          284,
          122
        ],
        "dx": 0.1396779572537165,
        "dy": 0.16686929157705677
      }
    ]
  }
}