{
  "chart_id": "scatter_044",
  "title": "Unemployment rate (%) vs Inflation rate (%)",
  "dpi": 200,
  "fig_size": [
    5,
    4
  ],
  "font_size": 10,
  "palette": [
    "#9467bd",
    "#e377c2",
    "#17becf",
    "#66c2a5",
    "#a6cee3",
    "#2ca02c",
    "#d62728",
    "#e78ac3",
    "#1f77b4",
    "#8c564b",
    "#bcbd22",
    "#fc8d62",
    "#8da0cb",
    "#7f7f7f",
    "#ff7f0e"
  ],
  "marker": "D",
  "sample_size": 11,
  "point_size_range": [
    30,
    60
  ],
  "x_ticks": [
    8.0,
    10.0,
    12.0,
    14.0,
    16.0
  ],
  "y_ticks": [
    2.0,
    4.0,
    6.0,
    8.0,
    10.0
  ],
  "x_ticks_encrypted": [
    8.0,
    9.0,
    10.0,
    11.0,
    12.0,
    13.0,
    14.0,
    15.0,
    16.0
  ],
  "y_ticks_encrypted": [
    2.0,
    3.0,
    4.0,
    5.0,
    6.0,
    7.0,
    8.0,
    9.0,
    10.0
  ],
  "series_color": {
    "DEU": [
      "#7f7f7f"
    ],
    "MEX": [
      "#66c2a5"
    ],
    "EGY": [
      "#1f77b4"
    ],
    "GBR": [
      "#e78ac3"
    ],
    "CAN": [
      "#17becf"
    ],
    "ARG": [
      "#bcbd22"
    ],
    "AUS": [
      "#2ca02c"
    ],
    "PAK": [
      "#ff7f0e"
    ],
    "COL": [
      "#a6cee3"
    ],
    "TUR": [
      "#9467bd"
    ],
    "IDN": [
      "#e377c2"
    ]
  },
  "label_perturbations": {
    "DEU": [
      {
        "original": [
          476,
          460
        ],
        "dx": -0.04849254103347217,
        "dy": -0.03694548975102613
      }
    ],
    "MEX": [
      {
        "original": [
          476,
          460
        ],
        "dx": 0.04794117706712986,
        "dy": 0.04858262571265981
      }
    ],
    "EGY": [
      {
        "original": [
          476,
          460
        ],
        "dx": 0.16913247147900456,
        "dy": 0.10243677428772174
      }
    ],
    "GBR": [
      {
        "original": [
          476,
          460
        ],
        "dx": 0.16046541755233812,
        "dy": 0.10245939168543344
      }
    ],
    "CAN": [
      {
        "original": [
          476,
          460
        ],
        "dx": -0.038420714982163734,
        "dy": -0.10182791847845248
      }
    ],
    "ARG": [
      {
        "original": [
          476,
          460
        ],
        "dx": 0.14381825259447256,
        "dy": 0.15155739426578502
      }
    ],
    "AUS": [
      {
        "original": [
          476,
          460
        ],
        "dx": -0.026086106550162663,
        "dy": -0.03585922979913819
      }
    ],
    "PAK": [
      {
        "original": [
          476,
          460
        ],
        "dx": -0.0804647770215373,
        "dy": 0.17948653000117826
      }
    ],
    "COL": [
      {
        "original": [
          476,
          460
        ],
        "dx": -0.028295640077070694,
        "dy": -0.0033327131521459497
      }
    ],
    "TUR": [
      {
        "original": [
          476,
          460
        ],
        "dx": 0.03812469284444181,
        "dy": -0.17192873261192243
      }
    ],
    "IDN": [
      {
        "original": [
          476,
          460
        ],
        "dx": 0.10777100610356344,
        "dy": -0.05925403568044102
      }
    ]
  }
}